Panel,Variant,Model,Factor,Coefficient,t-value,Nobs,R2
Panel A: Fama-French [1993] / Carhart [1997],cms,Mkt-RF,Alpha,0.11423388998071557,5.675881272741008,1053.0,0.4136874094118912
Panel A: Fama-French [1993] / Carhart [1997],cms,Mkt-RF,Mkt-RF,-0.8399432717791121,-27.23158371584932,1053.0,0.4136874094118912
Panel A: Fama-French [1993] / Carhart [1997],cms,Mkt-RF + SMB,Alpha,0.1268573697405227,7.624902299387317,1053.0,0.6001983418461305
Panel A: Fama-French [1993] / Carhart [1997],cms,Mkt-RF + SMB,Mkt-RF,-0.643378717758086,-23.841352965511547,1053.0,0.6001983418461305
Panel A: Fama-French [1993] / Carhart [1997],cms,Mkt-RF + SMB,SMB,-1.0065963475582345,-22.13219564641606,1053.0,0.6001983418461305
Panel A: Fama-French [1993] / Carhart [1997],cms,Mkt-RF + SMB + HML,Alpha,0.14234978682724847,8.980683784452118,1053.0,0.6404070076473787
Panel A: Fama-French [1993] / Carhart [1997],cms,Mkt-RF + SMB + HML,Mkt-RF,-0.5796000219871283,-22.060219587006426,1053.0,0.6404070076473787
Panel A: Fama-French [1993] / Carhart [1997],cms,Mkt-RF + SMB + HML,SMB,-0.9824792517390051,-22.7365667575372,1053.0,0.6404070076473787
Panel A: Fama-French [1993] / Carhart [1997],cms,Mkt-RF + SMB + HML,HML,-0.41304439516889263,-10.830336877217423,1053.0,0.6404070076473787
Panel A: Fama-French [1993] / Carhart [1997],cms,Mkt-RF + SMB + HML + MOM,Alpha,0.06949093238859025,5.412609989546181,1053.0,0.776239195636006
Panel A: Fama-French [1993] / Carhart [1997],cms,Mkt-RF + SMB + HML + MOM,Mkt-RF,-0.4390437150659921,-20.448075187782656,1053.0,0.776239195636006
Panel A: Fama-French [1993] / Carhart [1997],cms,Mkt-RF + SMB + HML + MOM,SMB,-0.9618749797155377,-28.196945583017744,1053.0,0.776239195636006
Panel A: Fama-French [1993] / Carhart [1997],cms,Mkt-RF + SMB + HML + MOM,HML,-0.10869348005509957,-3.351901888619013,1053.0,0.776239195636006
Panel A: Fama-French [1993] / Carhart [1997],cms,Mkt-RF + SMB + HML + MOM,MOM,0.6245738509247535,25.222607531596267,1053.0,0.776239195636006
Panel A: Fama-French [1993] / Carhart [1997],longonly,Mkt-RF,Alpha,0.09323772606018606,13.64771271926231,1053.0,0.8612361358387491
Panel A: Fama-French [1993] / Carhart [1997],longonly,Mkt-RF,Mkt-RF,0.8456126687036309,80.76520268431639,1053.0,0.8612361358387491
Panel A: Fama-French [1993] / Carhart [1997],longonly,Mkt-RF + SMB,Alpha,0.09244993552429855,13.591274976289087,1053.0,0.8627281554287001
Panel A: Fama-French [1993] / Carhart [1997],longonly,Mkt-RF + SMB,Mkt-RF,0.8333457107573964,75.53085775918619,1053.0,0.8627281554287001
Panel A: Fama-French [1993] / Carhart [1997],longonly,Mkt-RF + SMB,SMB,0.06281842179445185,3.378245270882577,1053.0,0.8627281554287001
Panel A: Fama-French [1993] / Carhart [1997],longonly,Mkt-RF + SMB + HML,Alpha,0.08492269787293492,13.417093945167698,1053.0,0.8822247808220469
Panel A: Fama-French [1993] / Carhart [1997],longonly,Mkt-RF + SMB + HML,Mkt-RF,0.8023578153583396,76.47713664666907,1053.0,0.8822247808220469
Panel A: Fama-French [1993] / Carhart [1997],longonly,Mkt-RF + SMB + HML,SMB,0.05110074658109879,2.961493872109817,1053.0,0.8822247808220469
Panel A: Fama-French [1993] / Carhart [1997],longonly,Mkt-RF + SMB + HML,HML,0.20068419960523384,13.177727031640561,1053.0,0.8822247808220469
Panel A: Fama-French [1993] / Carhart [1997],longonly,Mkt-RF + SMB + HML + MOM,Alpha,0.0673771011098698,11.162203793786333,1053.0,0.8984048806734449
Panel A: Fama-French [1993] / Carhart [1997],longonly,Mkt-RF + SMB + HML + MOM,Mkt-RF,0.8362060593740374,82.8355974470962,1053.0,0.8984048806734449
Panel A: Fama-French [1993] / Carhart [1997],longonly,Mkt-RF + SMB + HML + MOM,SMB,0.05606259028980831,3.4955508793604086,1053.0,0.8984048806734449
Panel A: Fama-French [1993] / Carhart [1997],longonly,Mkt-RF + SMB + HML + MOM,HML,0.27397684841502795,17.970522304294914,1053.0,0.8984048806734449
Panel A: Fama-French [1993] / Carhart [1997],longonly,Mkt-RF + SMB + HML + MOM,MOM,0.15040753826711106,12.919176086881347,1053.0,0.8984048806734449
Panel A: Fama-French [1993] / Carhart [1997],betaneutral,Mkt-RF,Alpha,0.13956844197129556,8.725837308829771,1017.0,0.009736464648643084
Panel A: Fama-French [1993] / Carhart [1997],betaneutral,Mkt-RF,Mkt-RF,-0.08082881930279866,-3.15906289971597,1017.0,0.009736464648643084
Panel A: Fama-French [1993] / Carhart [1997],betaneutral,Mkt-RF + SMB,Alpha,0.14578399845214743,9.857446374941373,1017.0,0.15508437119416307
Panel A: Fama-French [1993] / Carhart [1997],betaneutral,Mkt-RF + SMB,Mkt-RF,0.03636634344266327,1.4399150098199542,1017.0,0.15508437119416307
Panel A: Fama-French [1993] / Carhart [1997],betaneutral,Mkt-RF + SMB,SMB,-0.5384541474917074,-13.207380692456539,1017.0,0.15508437119416307
Panel A: Fama-French [1993] / Carhart [1997],betaneutral,Mkt-RF + SMB + HML,Alpha,0.1474895435841593,9.931247973093566,1017.0,0.15633292362927897
Panel A: Fama-French [1993] / Carhart [1997],betaneutral,Mkt-RF + SMB + HML,Mkt-RF,0.04279329920203769,1.6593291831016408,1017.0,0.15633292362927897
Panel A: Fama-French [1993] / Carhart [1997],betaneutral,Mkt-RF + SMB + HML,SMB,-0.5354263458654837,-13.11223527854969,1017.0,0.15633292362927897
Panel A: Fama-French [1993] / Carhart [1997],betaneutral,Mkt-RF + SMB + HML,HML,-0.04396268615373131,-1.2243978688827943,1017.0,0.15633292362927897
Panel A: Fama-French [1993] / Carhart [1997],betaneutral,Mkt-RF + SMB + HML + MOM,Alpha,0.09518289614441212,7.209733180053804,1017.0,0.3653249459496202
Panel A: Fama-French [1993] / Carhart [1997],betaneutral,Mkt-RF + SMB + HML + MOM,Mkt-RF,0.14138854233005244,6.141483493075541,1017.0,0.3653249459496202
Panel A: Fama-French [1993] / Carhart [1997],betaneutral,Mkt-RF + SMB + HML + MOM,SMB,-0.5220734502165214,-14.73029559854293,1017.0,0.3653249459496202
Panel A: Fama-French [1993] / Carhart [1997],betaneutral,Mkt-RF + SMB + HML + MOM,HML,0.17116007368017988,5.138116798784125,1017.0,0.3653249459496202
Panel A: Fama-French [1993] / Carhart [1997],betaneutral,Mkt-RF + SMB + HML + MOM,MOM,0.467363447199011,18.254897390220716,1017.0,0.3653249459496202
Panel B: Fama-French [2015],cms,Mkt-RF,Alpha,0.14438166127164428,7.2156664165010955,642.0,0.3696044929195035
Panel B: Fama-French [2015],cms,Mkt-RF,Mkt-RF,-0.7263516294878157,-19.37100054398434,642.0,0.3696044929195035
Panel B: Fama-French [2015],cms,Mkt-RF + SMB + HML,Alpha,0.13447976974994824,7.485937293748285,642.0,0.5089558942455119
Panel B: Fama-French [2015],cms,Mkt-RF + SMB + HML,Mkt-RF,-0.556231103388055,-15.637816543177511,642.0,0.5089558942455119
Panel B: Fama-French [2015],cms,Mkt-RF + SMB + HML,SMB,-0.5762074231211022,-11.455709000263232,642.0,0.5089558942455119
Panel B: Fama-French [2015],cms,Mkt-RF + SMB + HML,HML,0.38563587640913033,7.067937982105829,642.0,0.5089558942455119
Panel B: Fama-French [2015],cms,Mkt-RF + SMB + HML + RMW + CMA,Alpha,0.09126284289312647,5.388180191092407,642.0,0.5881472078491061
Panel B: Fama-French [2015],cms,Mkt-RF + SMB + HML + RMW + CMA,Mkt-RF,-0.43934868463540955,-12.677512683573086,642.0,0.5881472078491061
Panel B: Fama-French [2015],cms,Mkt-RF + SMB + HML + RMW + CMA,SMB,-0.4285982510741051,-8.82679039039777,642.0,0.5881472078491061
Panel B: Fama-French [2015],cms,Mkt-RF + SMB + HML + RMW + CMA,HML,0.03671403574927706,0.5390001527244955,642.0,0.5881472078491061
Panel B: Fama-French [2015],cms,Mkt-RF + SMB + HML + RMW + CMA,RMW,0.6394169399320974,9.58858844801781,642.0,0.5881472078491061
Panel B: Fama-French [2015],cms,Mkt-RF + SMB + HML + RMW + CMA,CMA,0.7508586214119911,7.405693817787357,642.0,0.5881472078491061
Panel B: Fama-French [2015],cms,Mkt-RF + SMB + HML + RMW + CMA + MOM,Alpha,0.03436432520607827,3.0239244048852725,642.0,0.8205340918567696
Panel B: Fama-French [2015],cms,Mkt-RF + SMB + HML + RMW + CMA + MOM,Mkt-RF,-0.34744566336449756,-15.029195915436073,642.0,0.8205340918567696
Panel B: Fama-French [2015],cms,Mkt-RF + SMB + HML + RMW + CMA + MOM,SMB,-0.4666098246159857,-14.533630843173793,642.0,0.8205340918567696
Panel B: Fama-French [2015],cms,Mkt-RF + SMB + HML + RMW + CMA + MOM,HML,0.35654753021578217,7.69068951972642,642.0,0.8205340918567696
Panel B: Fama-French [2015],cms,Mkt-RF + SMB + HML + RMW + CMA + MOM,RMW,0.5001281550783363,11.284078886291656,642.0,0.8205340918567696
Panel B: Fama-French [2015],cms,Mkt-RF + SMB + HML + RMW + CMA + MOM,CMA,0.5489622664986445,8.150836502418963,642.0,0.8205340918567696
Panel B: Fama-French [2015],cms,Mkt-RF + SMB + HML + RMW + CMA + MOM,MOM,0.6316708538853074,28.674885242755472,642.0,0.8205340918567696
Panel B: Fama-French [2015],longonly,Mkt-RF,Alpha,0.10427181160793778,11.198094584078834,642.0,0.7633192005100063
Panel B: Fama-French [2015],longonly,Mkt-RF,Mkt-RF,0.7927634678937757,45.431969754957805,642.0,0.7633192005100063
Panel B: Fama-French [2015],longonly,Mkt-RF + SMB + HML,Alpha,0.08329611901861707,10.273192100626453,642.0,0.8265744055824318
Panel B: Fama-French [2015],longonly,Mkt-RF + SMB + HML,Mkt-RF,0.848937077446258,52.87955109860529,642.0,0.8265744055824318
Panel B: Fama-French [2015],longonly,Mkt-RF + SMB + HML,SMB,0.024193188935742103,1.0656820614489526,642.0,0.8265744055824318
Panel B: Fama-French [2015],longonly,Mkt-RF + SMB + HML,HML,0.37472058288536614,15.216482219663508,642.0,0.8265744055824318
Panel B: Fama-French [2015],longonly,Mkt-RF + SMB + HML + RMW + CMA,Alpha,0.059962273277833725,8.269005058885641,642.0,0.8691229699204783
Panel B: Fama-French [2015],longonly,Mkt-RF + SMB + HML + RMW + CMA,Mkt-RF,0.9073837796891223,61.15652290052549,642.0,0.8691229699204783
Panel B: Fama-French [2015],longonly,Mkt-RF + SMB + HML + RMW + CMA,SMB,0.11295912290861246,5.433764111357727,642.0,0.8691229699204783
Panel B: Fama-French [2015],longonly,Mkt-RF + SMB + HML + RMW + CMA,HML,0.22127475670626495,7.587796662962883,642.0,0.8691229699204783
Panel B: Fama-French [2015],longonly,Mkt-RF + SMB + HML + RMW + CMA,RMW,0.3870827410147983,13.558180117846598,642.0,0.8691229699204783
Panel B: Fama-French [2015],longonly,Mkt-RF + SMB + HML + RMW + CMA,CMA,0.3272469198329728,7.538938470707659,642.0,0.8691229699204783
Panel B: Fama-French [2015],longonly,Mkt-RF + SMB + HML + RMW + CMA + MOM,Alpha,0.047702640452756975,6.991019506924317,642.0,0.8878272136136084
Panel B: Fama-French [2015],longonly,Mkt-RF + SMB + HML + RMW + CMA + MOM,Mkt-RF,0.927185654010235,66.79601276342962,642.0,0.8878272136136084
Panel B: Fama-French [2015],longonly,Mkt-RF + SMB + HML + RMW + CMA + MOM,SMB,0.1047689634164098,5.434853956946784,642.0,0.8878272136136084
Panel B: Fama-French [2015],longonly,Mkt-RF + SMB + HML + RMW + CMA + MOM,HML,0.290187645243833,10.424656415892077,642.0,0.8878272136136084
Panel B: Fama-French [2015],longonly,Mkt-RF + SMB + HML + RMW + CMA + MOM,RMW,0.3570708983803321,13.417581779799205,642.0,0.8878272136136084
Panel B: Fama-French [2015],longonly,Mkt-RF + SMB + HML + RMW + CMA + MOM,CMA,0.2837453440349397,7.016546652857771,642.0,0.8878272136136084
Panel B: Fama-French [2015],longonly,Mkt-RF + SMB + HML + RMW + CMA + MOM,MOM,0.1361028907208054,10.289948111175026,642.0,0.8878272136136084
Panel B: Fama-French [2015],betaneutral,Mkt-RF,Alpha,0.17279368063435324,8.120500316166236,606.0,0.00033380512083369673
Panel B: Fama-French [2015],betaneutral,Mkt-RF,Mkt-RF,-0.01753188121657351,-0.4490942180378046,606.0,0.00033380512083369673
Panel B: Fama-French [2015],betaneutral,Mkt-RF + SMB + HML,Alpha,0.14490134518912237,7.5557294416840985,606.0,0.21370047735928588
Panel B: Fama-French [2015],betaneutral,Mkt-RF + SMB + HML,Mkt-RF,0.15193085111899052,4.0761058136773825,606.0,0.21370047735928588
Panel B: Fama-French [2015],betaneutral,Mkt-RF + SMB + HML,SMB,-0.35295381079439847,-6.6519545008179986,606.0,0.21370047735928588
Panel B: Fama-French [2015],betaneutral,Mkt-RF + SMB + HML,HML,0.6225383624753426,10.87282683936148,606.0,0.21370047735928588
Panel B: Fama-French [2015],betaneutral,Mkt-RF + SMB + HML + RMW + CMA,Alpha,0.10100621658012093,5.497489154572992,606.0,0.32315320096541256
Panel B: Fama-French [2015],betaneutral,Mkt-RF + SMB + HML + RMW + CMA,Mkt-RF,0.2715298609949592,7.368823046466074,606.0,0.32315320096541256
Panel B: Fama-French [2015],betaneutral,Mkt-RF + SMB + HML + RMW + CMA,SMB,-0.23074791952154639,-4.447707210807733,606.0,0.32315320096541256
Panel B: Fama-French [2015],betaneutral,Mkt-RF + SMB + HML + RMW + CMA,HML,0.2279766313893136,3.1297522359594456,606.0,0.32315320096541256
Panel B: Fama-French [2015],betaneutral,Mkt-RF + SMB + HML + RMW + CMA,RMW,0.5337912042892816,7.542804542432269,606.0,0.32315320096541256
Panel B: Fama-French [2015],betaneutral,Mkt-RF + SMB + HML + RMW + CMA,CMA,0.8474970222270922,7.795700325452123,606.0,0.32315320096541256
Panel B: Fama-French [2015],betaneutral,Mkt-RF + SMB + HML + RMW + CMA + MOM,Alpha,0.06541532903839739,3.9916044453188584,606.0,0.476809096546263
Panel B: Fama-French [2015],betaneutral,Mkt-RF + SMB + HML + RMW + CMA + MOM,Mkt-RF,0.3337848302916373,10.188179602613385,606.0,0.476809096546263
Panel B: Fama-French [2015],betaneutral,Mkt-RF + SMB + HML + RMW + CMA + MOM,SMB,-0.2454791003106025,-5.375728259098078,606.0,0.476809096546263
Panel B: Fama-French [2015],betaneutral,Mkt-RF + SMB + HML + RMW + CMA + MOM,HML,0.4540080665684574,6.845480115554221,606.0,0.476809096546263
Panel B: Fama-French [2015],betaneutral,Mkt-RF + SMB + HML + RMW + CMA + MOM,RMW,0.44064329751743303,7.031645633555439,606.0,0.476809096546263
Panel B: Fama-French [2015],betaneutral,Mkt-RF + SMB + HML + RMW + CMA + MOM,CMA,0.6976965963752434,7.243198766493087,606.0,0.476809096546263
Panel B: Fama-French [2015],betaneutral,Mkt-RF + SMB + HML + RMW + CMA + MOM,MOM,0.4152785901657468,13.263493628219043,606.0,0.476809096546263
"Panel C: Hou, Xue, and Zhang",cms,Mkt-RF + ME + IA + ROE,Alpha,0.04413298865797252,2.6119550175152493,600.0,0.6612572614116057
"Panel C: Hou, Xue, and Zhang",cms,Mkt-RF + ME + IA + ROE,Mkt-RF,-0.44495794672955047,-13.857074822849958,600.0,0.6612572614116057
"Panel C: Hou, Xue, and Zhang",cms,Mkt-RF + ME + IA + ROE,ME,-0.2791187402399349,-6.159690867832585,600.0,0.6612572614116057
"Panel C: Hou, Xue, and Zhang",cms,Mkt-RF + ME + IA + ROE,IA,0.9454314440238223,12.656247857983264,600.0,0.6612572614116057
"Panel C: Hou, Xue, and Zhang",cms,Mkt-RF + ME + IA + ROE,ROE,0.8206618422504941,15.21077345667355,600.0,0.6612572614116057
"Panel C: Hou, Xue, and Zhang",longonly,Mkt-RF + ME + IA + ROE,Alpha,0.047071962071614355,5.5459240803033145,600.0,0.8491597728432485
"Panel C: Hou, Xue, and Zhang",longonly,Mkt-RF + ME + IA + ROE,Mkt-RF,0.8930373515474828,55.36451279882681,600.0,0.8491597728432485
"Panel C: Hou, Xue, and Zhang",longonly,Mkt-RF + ME + IA + ROE,ME,0.11341049200281951,4.982329199941463,600.0,0.8491597728432485
"Panel C: Hou, Xue, and Zhang",longonly,Mkt-RF + ME + IA + ROE,IA,0.6053444983628722,16.131947239845093,600.0,0.8491597728432485
"Panel C: Hou, Xue, and Zhang",longonly,Mkt-RF + ME + IA + ROE,ROE,0.2741835030581397,10.11667136580396,600.0,0.8491597728432485
"Panel C: Hou, Xue, and Zhang",betaneutral,Mkt-RF + ME + IA + ROE,Alpha,0.07194816635756678,3.5722930056133695,564.0,0.3206558677270732
"Panel C: Hou, Xue, and Zhang",betaneutral,Mkt-RF + ME + IA + ROE,Mkt-RF,0.24788619334957462,6.554421255001311,564.0,0.3206558677270732
"Panel C: Hou, Xue, and Zhang",betaneutral,Mkt-RF + ME + IA + ROE,ME,-0.1322031562596543,-2.4515655649664625,564.0,0.3206558677270732
"Panel C: Hou, Xue, and Zhang",betaneutral,Mkt-RF + ME + IA + ROE,IA,1.1984038694325556,13.425995212428282,564.0,0.3206558677270732
"Panel C: Hou, Xue, and Zhang",betaneutral,Mkt-RF + ME + IA + ROE,ROE,0.48814442562184146,7.678715310174299,564.0,0.3206558677270732
Panel D: AQR,cms,Mkt-RF + SMB + HML + QMJ + BAB,Alpha,0.04309648716653229,3.008815240765084,714.0,0.685269986417415
Panel D: AQR,cms,Mkt-RF + SMB + HML + QMJ + BAB,Mkt-RF,-0.37653214190452367,-12.098303300334033,714.0,0.685269986417415
Panel D: AQR,cms,Mkt-RF + SMB + HML + QMJ + BAB,SMB,-0.39779656490428733,-9.158627800315132,714.0,0.685269986417415
Panel D: AQR,cms,Mkt-RF + SMB + HML + QMJ + BAB,HML,0.2559087746639805,5.326549473205049,714.0,0.685269986417415
Panel D: AQR,cms,Mkt-RF + SMB + HML + QMJ + BAB,QMJ,0.7836901427181975,11.097646503000385,714.0,0.685269986417415
Panel D: AQR,cms,Mkt-RF + SMB + HML + QMJ + BAB,BAB,0.4451462373554251,11.926006603805968,714.0,0.685269986417415
Panel D: AQR,cms,Mkt-RF + SMB + HML + QMJ + BAB + MOM,Alpha,0.011195020123132659,1.1225698869148149,714.0,0.8496623422438603
Panel D: AQR,cms,Mkt-RF + SMB + HML + QMJ + BAB + MOM,Mkt-RF,-0.31938797372551603,-14.770617785641422,714.0,0.8496623422438603
Panel D: AQR,cms,Mkt-RF + SMB + HML + QMJ + BAB + MOM,SMB,-0.453630793523911,-15.067181291180514,714.0,0.8496623422438603
Panel D: AQR,cms,Mkt-RF + SMB + HML + QMJ + BAB + MOM,HML,0.4789869270475795,14.012272788233242,714.0,0.8496623422438603
Panel D: AQR,cms,Mkt-RF + SMB + HML + QMJ + BAB + MOM,QMJ,0.5624183683297151,11.365392096337178,714.0,0.8496623422438603
Panel D: AQR,cms,Mkt-RF + SMB + HML + QMJ + BAB + MOM,BAB,0.2868501513124151,10.850844255596883,714.0,0.8496623422438603
Panel D: AQR,cms,Mkt-RF + SMB + HML + QMJ + BAB + MOM,MOM,0.5593579135024994,27.80459839818183,714.0,0.8496623422438603
Panel D: AQR,longonly,Mkt-RF + SMB + HML + QMJ + BAB,Alpha,0.04480085747708743,6.721197381186778,714.0,0.8833942089609904
Panel D: AQR,longonly,Mkt-RF + SMB + HML + QMJ + BAB,Mkt-RF,0.9152541963701661,63.19326820527155,714.0,0.8833942089609904
Panel D: AQR,longonly,Mkt-RF + SMB + HML + QMJ + BAB,SMB,0.09549947518614946,4.724730498211447,714.0,0.8833942089609904
Panel D: AQR,longonly,Mkt-RF + SMB + HML + QMJ + BAB,HML,0.35255688763951637,15.768728150152926,714.0,0.8833942089609904
Panel D: AQR,longonly,Mkt-RF + SMB + HML + QMJ + BAB,QMJ,0.2870432538280163,8.734549731148496,714.0,0.8833942089609904
Panel D: AQR,longonly,Mkt-RF + SMB + HML + QMJ + BAB,BAB,0.21074752368337227,12.132812712977744,714.0,0.8833942089609904
Panel D: AQR,longonly,Mkt-RF + SMB + HML + QMJ + BAB + MOM,Alpha,0.0393440603816165,6.077577232340265,714.0,0.8916229089334615
Panel D: AQR,longonly,Mkt-RF + SMB + HML + QMJ + BAB + MOM,Mkt-RF,0.9250287979744753,65.90193303939566,714.0,0.8916229089334615
Panel D: AQR,longonly,Mkt-RF + SMB + HML + QMJ + BAB + MOM,SMB,0.08594894084410964,4.397773057478861,714.0,0.8916229089334615
Panel D: AQR,longonly,Mkt-RF + SMB + HML + QMJ + BAB + MOM,HML,0.39071476333638167,17.60789921461658,714.0,0.8916229089334615
Panel D: AQR,longonly,Mkt-RF + SMB + HML + QMJ + BAB + MOM,QMJ,0.24919436198395253,7.757574200745451,714.0,0.8916229089334615
Panel D: AQR,longonly,Mkt-RF + SMB + HML + QMJ + BAB + MOM,BAB,0.18367072431961057,10.703139465036678,714.0,0.8916229089334615
Panel D: AQR,longonly,Mkt-RF + SMB + HML + QMJ + BAB + MOM,MOM,0.09567906809979253,7.3266690691347165,714.0,0.8916229089334615
Panel D: AQR,betaneutral,Mkt-RF + SMB + HML + QMJ + BAB,Alpha,0.06936335894434137,4.174013878297657,678.0,0.37628874697443426
Panel D: AQR,betaneutral,Mkt-RF + SMB + HML + QMJ + BAB,Mkt-RF,0.2918891169333917,8.050668695322049,678.0,0.37628874697443426
Panel D: AQR,betaneutral,Mkt-RF + SMB + HML + QMJ + BAB,SMB,-0.2158824897149275,-4.341543666484143,678.0,0.37628874697443426
Panel D: AQR,betaneutral,Mkt-RF + SMB + HML + QMJ + BAB,HML,0.5511813261543778,9.8632421362736,678.0,0.37628874697443426
Panel D: AQR,betaneutral,Mkt-RF + SMB + HML + QMJ + BAB,QMJ,0.6135415316498641,7.4994181626791026,678.0,0.37628874697443426
Panel D: AQR,betaneutral,Mkt-RF + SMB + HML + QMJ + BAB,BAB,0.3354381298278599,7.77672750723061,678.0,0.37628874697443426
Panel D: AQR,betaneutral,Mkt-RF + SMB + HML + QMJ + BAB + MOM,Alpha,0.04943129934295676,3.2373131848695387,678.0,0.4808328448159317
Panel D: AQR,betaneutral,Mkt-RF + SMB + HML + QMJ + BAB + MOM,Mkt-RF,0.32733164374875223,9.846511250303765,678.0,0.4808328448159317
Panel D: AQR,betaneutral,Mkt-RF + SMB + HML + QMJ + BAB + MOM,SMB,-0.25440827402753496,-5.588800701355661,678.0,0.4808328448159317
Panel D: AQR,betaneutral,Mkt-RF + SMB + HML + QMJ + BAB + MOM,HML,0.6870938343596507,13.126287009605997,678.0,0.4808328448159317
Panel D: AQR,betaneutral,Mkt-RF + SMB + HML + QMJ + BAB + MOM,QMJ,0.47070205168345547,6.217931426142612,678.0,0.4808328448159317
Panel D: AQR,betaneutral,Mkt-RF + SMB + HML + QMJ + BAB + MOM,BAB,0.23599475174180667,5.855839864277915,678.0,0.4808328448159317
Panel D: AQR,betaneutral,Mkt-RF + SMB + HML + QMJ + BAB + MOM,MOM,0.3531447524607324,11.62404854648546,678.0,0.4808328448159317
