YearMonth,Conservative,Speculative,Market
1929-04-01,100.0,100.0,100.0
1929-05-01,95.15199797979797,87.18025918367347,94.16883163444055
1929-06-01,103.16330026594991,92.36757002414386,103.87590101418442
1929-07-01,108.01145745657475,92.3615504296054,108.63815413639372
1929-08-01,113.97977863652171,90.45842668882908,117.97891600851862
1929-09-01,111.42405076721877,83.54821424650723,112.0946516593501
1929-10-01,96.41601678213033,62.63692914515053,89.94384323166607
1929-11-01,87.21366333653265,55.334920645476295,78.6754307925488
1929-12-01,88.30103183871331,52.111877268173956,80.01066335250887
1930-01-01,92.6151232130937,61.589721788027504,84.4031935091962
1930-02-01,94.23115221235936,64.45478979326708,86.730879913753
1930-03-01,99.56048735322192,76.98175527749585,93.20957771522417
1930-04-01,95.93751842791325,73.66694189027105,91.46209157553147
1930-05-01,95.52676144824085,68.72642527398963,90.14691678415767
1930-06-01,84.84035032497975,52.72038875520539,75.67806938449122
1930-07-01,86.33254870700411,54.52542018575036,78.91416093451612
1930-08-01,87.03399543297283,51.208739747878504,79.19591905974872
1930-09-01,79.28858342910605,40.81473079350235,69.23968328240144
1930-10-01,74.53332183585707,36.2854380797385,63.152889300581705
1930-11-01,73.23429363212087,35.58904984197872,61.25960426231356
1930-12-01,67.39369505873162,27.819830509730547,56.493886483604584
1931-01-01,73.05849864592469,35.380339549110275,60.1008576693087
1931-02-01,79.57734465195207,42.51942345390802,66.6656962548846
1931-03-01,76.44525994379589,39.250313242937615,62.450084048018226
1931-04-01,68.62994442826104,31.460250843392984,56.1935430023047
1931-05-01,61.5950908003088,26.338771145852863,48.76967408255613
1931-06-01,68.60990114041543,33.99931254328661,55.59750729030036
1931-07-01,66.47551641193725,30.359645267667247,51.94007752510659
1931-08-01,66.25905088574731,29.764661539657755,52.160725191988455
1931-09-01,48.447178563583584,19.403999562964444,36.95730071852149
1931-10-01,54.140226580573334,20.935613480467964,39.87969476513775
1931-11-01,51.17225553132947,19.12296021249823,36.32988623994889
1931-12-01,45.42692396016531,14.663203928998387,31.42455030140131
1932-01-01,46.75085758879137,17.578798446966523,30.97938266090159
1932-02-01,48.29425440306738,17.50375650959625,32.74430894014248
1932-03-01,44.115389273203306,14.870582435187565,29.10794753187301
1932-04-01,36.920493530855005,11.493028470462582,23.876920230875626
1932-05-01,28.908375383699486,9.163168802354154,18.97328751373474
1932-06-01,30.234105594693567,10.089626899093563,18.808256831692287
1932-07-01,39.249479302546405,16.925812035311584,25.208647747227094
1932-08-01,50.84737545076025,34.716264304248604,34.66810267793888
1932-09-01,49.818531181310824,31.32136783132286,33.64966643183625
1932-10-01,44.57616991858786,24.582005493519215,29.220002653204624
1932-11-01,43.13356889182196,21.180091183008727,27.518989480517895
1932-12-01,43.969787948327806,19.51767090927626,28.742934079552207
1933-01-01,46.001793218541806,20.9404447102485,29.101241763128716
1933-02-01,41.353396197089744,16.20082718149885,24.633728567040244
1933-03-01,45.30315096430978,17.685330577242496,25.439620821280347
1933-04-01,60.062070379558875,28.81137949231342,35.37841157878099
1933-05-01,76.19493116334564,54.823735818897944,43.02323785472663
1933-06-01,85.90276879583905,71.05637525951275,48.7363637298858
1933-07-01,77.61066386285624,65.60800760121542,44.051274904051475
1933-08-01,89.39222496128168,72.01761995646056,49.380355166121085
1933-09-01,83.14736904810024,56.90737121665932,44.095156002531816
1933-10-01,76.97914698531527,49.01865004893197,40.45373611176064
1933-11-01,82.92055997564205,51.31199102277676,44.48385592302987
1933-12-01,85.35485305040778,51.93739727711472,45.334241737715146
1934-01-01,99.0337432738013,76.38658709144337,51.080236628552136
1934-02-01,98.31955054047053,77.75416289544698,49.82272657392022
1934-03-01,101.05727347418075,75.7483379776915,49.885064479107875
1934-04-01,102.22300383024378,73.68106130157389,48.98217322504676
1934-05-01,94.67090528609052,63.71684733546184,45.40130250255479
1934-06-01,98.8581691322046,63.5355137391485,46.59721185268601
1934-07-01,90.04742681975793,47.38943979887756,41.46436845570986
1934-08-01,94.96778030655778,52.682889528576816,43.76376039407494
1934-09-01,94.92503137563271,51.29416589985154,43.700536595991665
1934-10-01,96.4623441572617,47.5770377348869,42.93903954059189
1934-11-01,105.22686355159499,53.54361396520173,46.51749254041515
1934-12-01,108.04708660331217,52.78635150049315,46.70429560041568
1935-01-01,106.64763480632529,49.36647264428743,45.08583538847176
1935-02-01,109.24116131050813,42.25343743597955,44.20239989944908
1935-03-01,106.13220579195738,37.67866502042681,42.58669230037675
1935-04-01,112.04271682308793,42.69683509780178,46.43194771290674
1935-05-01,113.12589426968378,44.448433476600805,48.041689135094614
1935-06-01,119.03102975027511,45.54934161112028,50.90624430200401
1935-07-01,126.63930748350629,52.74696437524168,54.73895287189086
1935-08-01,128.68471212718154,61.946139379743926,56.21168547430363
1935-09-01,131.92905575490582,60.03814139753614,57.69693502417673
1935-10-01,139.73215015665326,66.75347055289903,61.79094144680094
1935-11-01,143.23334449953865,86.8131327717474,64.86301757239144
1935-12-01,147.7517749911204,88.74230288951445,67.84164026832059
1936-01-01,158.34705773076917,108.35109853527321,72.54002996263941
1936-02-01,162.2196313779267,114.93247319811294,74.38579216074463
1936-03-01,163.10954510143296,115.6455525726584,75.18563564263677
1936-04-01,148.04353234975358,98.4642882679224,69.0440988359018
1936-05-01,154.30811729726526,103.08710783067075,72.6489431100919
1936-06-01,157.36044450233075,102.97464185776963,74.4109802237807
1936-07-01,168.70941804629012,113.96755970378291,79.39498750559586
1936-08-01,173.20561094813604,118.47549980116658,80.2035184734136
1936-09-01,178.80427793941362,124.99402658711564,81.03484168753418
1936-10-01,189.3548663771403,134.2411346716411,86.95712276296405
1936-11-01,200.82317063672767,153.64942527679338,89.80235223507096
1936-12-01,200.89482094221847,159.9863685490589,89.99232966300099
1937-01-01,207.4498687857575,183.27275940892497,93.01436126839485
1937-02-01,211.04407467938415,190.43972397141073,94.07453413420752
1937-03-01,210.43301681285413,195.55470604488735,93.89406674387067
1937-04-01,193.78099344847632,169.5565434281454,86.9996697196493
1937-05-01,191.11588234052022,160.33541462419632,86.34520019315866
1937-06-01,182.59592101650924,142.01082584626477,82.71907775791756
1937-07-01,195.39303014976576,163.34496452189023,90.16109310904059
1937-08-01,189.38701945235255,149.79485123529028,85.79379614476369
1937-09-01,159.38109677337903,112.51020423318016,74.08773925942398
1937-10-01,144.1533613948478,101.72792607294252,66.95628916161229
1937-11-01,129.57005775866577,87.6699862906372,61.40254217885131
1937-12-01,121.04280477875766,73.47057219316551,58.80389655730017
1938-01-01,125.16809244826759,78.65985160598076,59.08398829405155
1938-02-01,130.95761486772142,83.7262698789495,62.55611808746213
1938-03-01,102.5392462812323,53.875115980816254,47.61427930834642
1938-04-01,117.65646790709945,69.30675886286785,54.482872657502824
1938-05-01,114.7651155068224,63.04724962940907,52.4118658102421
1938-06-01,136.821026586177,86.63371851366097,64.99771524329235
1938-07-01,147.07698424383625,103.00647358532235,69.76046188003319
1938-08-01,142.84566854470728,93.3487668832913,67.88462678188753
1938-09-01,142.17753173770086,91.23812605989302,68.45933488824751
1938-10-01,155.88647844396718,112.48424712656562,73.81356438391397
1938-11-01,155.81581822101808,101.06585297750861,72.49065093414127
1938-12-01,159.26840243402808,106.61247332123051,75.54161284605475
1939-01-01,153.05089058366718,96.52959012787727,71.00641936506292
1939-02-01,160.59869626638852,98.95695440271655,73.49729339324128
1939-03-01,146.16732150969528,75.42790096977953,64.6326176402622
1939-04-01,146.61015587363394,74.28093815025339,64.51074264263855
1939-05-01,159.0051930291171,79.44737901829278,68.91222235495667
1939-06-01,153.25153390540135,68.65654138266439,65.22819709491613
1939-07-01,165.2280018212126,81.4535381560419,71.90334962529847
1939-08-01,155.27310723916554,70.7468449226005,67.09186315050847
1939-09-01,170.67189064856487,133.12058850807648,78.52678247483328
1939-10-01,177.48251489707994,123.59058009240114,78.08463352337978
1939-11-01,176.46613110349426,101.92446176676629,75.22803282961425
1939-12-01,181.67334663993552,99.18616123602038,77.487809015914
1940-01-01,183.79877764021202,93.8377230508734,75.60080392905691
1940-02-01,188.12591550244,95.28822810032734,76.69525480723259
1940-03-01,191.51851053728143,96.72866879940472,78.27347083967976
1940-04-01,192.56070830718278,91.88661252191717,78.43987070544954
1940-05-01,149.41091143959105,63.51892838489174,61.165163554571656
1940-06-01,160.3168008398274,70.5475188306247,65.26436747868469
1940-07-01,165.61417454066597,71.84691805951184,67.35152941131123
1940-08-01,168.3950766717568,74.49962210909608,68.83591288949388
1940-09-01,173.83769985103095,78.29758723497268,70.47751353858334
1940-10-01,177.77237885537616,84.06414917289806,72.6459408454763
1940-11-01,178.4654458070293,81.47304924340284,71.46665102329442
1940-12-01,178.83353078900635,77.66364879695016,71.96195290795856
1941-01-01,177.59036055805,86.73060914794524,68.9473577467702
1941-02-01,176.42672458314385,84.37577674223503,67.95410679233109
1941-03-01,177.5625933570878,85.99166230517218,68.5489582084329
1941-04-01,171.40054279601637,77.52577283222851,64.7834041405513
1941-05-01,172.59336202346952,77.00444767178728,65.71523936045791
1941-06-01,179.57678803745543,81.4621342716806,69.5469873438992
1941-07-01,193.42870756060296,103.54960628762211,73.66226992657103
1941-08-01,193.47165260225557,100.6545569814322,73.54826523994117
1941-09-01,191.45511304491447,96.21918240995177,72.90061732752879
1941-10-01,183.64317772554736,83.89866441579777,69.1098526444938
1941-11-01,182.52305901803282,75.79389234779603,67.82801022869708
1941-12-01,171.68443092188983,64.26557234925421,64.51141043188282
1942-01-01,185.85774812389806,85.8876367649824,65.02062677624065
1942-02-01,182.61375725090383,83.82506921660963,63.432909022959926
1942-03-01,175.36292122966714,79.64655632804937,59.297121640672344
1942-04-01,167.75658608665614,75.42816806567401,56.72746407324007
1942-05-01,172.76532467363091,77.46499939057058,60.092601507294965
1942-06-01,176.39296112315898,77.88870892308718,61.733453469275744
1942-07-01,183.12376902548533,82.93702153367747,63.92889224693079
1942-08-01,188.18834802467788,85.252249539427,65.12091460975469
1942-09-01,191.79950928999128,92.77087190450733,66.85559886153898
1942-10-01,203.86066415609477,112.16970837534241,71.43953165418596
1942-11-01,204.80125075862463,104.8532103203556,71.56043129256665
1942-12-01,213.57975326654196,106.22246532622286,75.25319065655633
1943-01-01,234.87963917190265,132.97723922024335,80.61858038199607
1943-02-01,254.47751710994226,159.00734977859818,85.61516816218672
1943-03-01,278.8797759344172,184.63349465660724,90.7987151831073
1943-04-01,283.11840829529365,195.22255940744188,91.56122358647131
1943-05-01,300.569501396446,214.65880304923422,96.83654656877654
1943-06-01,308.4331555308139,216.03616884794715,98.6393168511051
1943-07-01,292.9563256052703,197.67570853351472,93.94886404754784
1943-08-01,296.41802479227874,197.13494566721585,95.20561951085934
1943-09-01,305.40948831504824,206.6604530154204,97.50692514139442
1943-10-01,304.7909943979768,204.99950022188563,96.41706035042473
1943-11-01,287.43079732844524,176.25767160609954,90.77364074657129
1943-12-01,309.7609625531672,199.9437782314488,96.57251082708764
1944-01-01,318.9226386382172,217.15637664110784,98.28000312656752
1944-02-01,322.47068807455764,222.65072768235333,98.69583054449697
1944-03-01,334.6100939024175,236.30118025079904,101.14663613985321
1944-04-01,326.7162703700552,224.16949419780562,99.45934561182264
1944-05-01,344.6965808310013,239.55786273290641,104.51972695574608
1944-06-01,369.5707375043211,292.7099764670925,110.2839336727563
1944-07-01,368.03975152731306,285.94289435114337,108.66437247080756
1944-08-01,379.25968257846165,302.3431548332773,110.40751090868591
1944-09-01,382.56047820345947,297.8159386741428,110.47566698697044
1944-10-01,385.9752168575083,291.57733250618213,110.6898264489852
1944-11-01,395.4726851530952,296.07467429681793,112.62183134419989
1944-12-01,417.4340782597437,335.3743346007624,117.20579418283958
1945-01-01,432.8115148346762,355.83781278556495,119.61184950072321
1945-02-01,464.26264649562813,394.76989848686526,127.09048264129625
1945-03-01,447.48525761273663,358.0480396603165,122.17757634723465
1945-04-01,484.6922158807062,395.34328304008125,131.72913498625036
1945-05-01,492.3811260004077,417.86204039547715,134.0575738843885
1945-06-01,491.59208524599205,455.3736494776321,134.62260850640266
1945-07-01,482.1541808585841,437.28657241930017,131.73608687620285
1945-08-01,511.01333131374406,465.59882273655944,139.9287655396034
1945-09-01,541.9349370664713,499.80827254219946,146.65654575888587
1945-10-01,578.5718740358168,546.4705647123387,152.45585361628565
1945-11-01,623.2733205960099,617.4458236341477,160.68294551878154
1945-12-01,631.7584638588727,636.8876840156427,162.68027875706392
1946-01-01,684.0380055986769,727.3802973137535,172.90364270157127
1946-02-01,646.7220428193954,666.8715961402667,162.91143996863568
1946-03-01,692.2688396045637,685.7602672908224,172.515050788919
1946-04-01,740.557021030609,714.1087189674829,179.87440796559463
1946-05-01,780.221306916,770.5218009965168,187.01168418423188
1946-06-01,740.5711232866397,731.8731055177165,179.7752268222149
1946-07-01,723.4389434690186,681.0903409146475,174.97364488230457
1946-08-01,681.5598371112667,616.8605454016065,163.75273209547652
1946-09-01,611.7430829138542,498.049725263781,147.17756751390786
1946-10-01,609.8753076972571,492.66018475228134,145.03039855272485
1946-11-01,614.5281819475256,483.2431495408031,145.04561271552657
1946-12-01,640.2104382024352,496.37163095911126,152.31052965924982
1947-01-01,641.1594733518177,533.0833710954569,154.30585941446836
1947-02-01,640.1532569091236,530.581776090751,152.72411074537757
1947-03-01,624.0709811062937,501.33607145190444,150.23424909491573
1947-04-01,590.8061006375458,434.16063747034224,143.06842538722069
1947-05-01,577.984674780072,403.63253673127485,141.70293188549633
1947-06-01,602.1622592332494,425.8337026384453,149.2281548101578
1947-07-01,633.251469142258,461.4623440957877,155.43098419954083
1947-08-01,631.6469302372307,444.4573136625313,152.77447476131314
1947-09-01,637.7034768278104,447.2681817176078,152.0586466083355
1947-10-01,660.6496613138714,467.72845565455896,155.9527732828231
1947-11-01,656.0303129975089,436.66880582092233,152.9668437938935
1947-12-01,678.083880660149,441.4410401082466,157.67260656685667
1948-01-01,660.6803018342242,451.9821312456042,151.5646092346048
1948-02-01,631.0640520119317,412.47388953254546,145.03595570057962
1948-03-01,674.5004999332986,464.85246798301995,156.86900427684972
1948-04-01,700.4986158278525,477.9812404539682,162.72231586203918
1948-05-01,755.9705548263397,539.9914005931535,174.78222690725923
1948-06-01,751.8380493480871,518.2765536038528,174.7714789499461
1948-07-01,714.9296578881061,480.7674126968953,166.01139060514518
1948-08-01,722.9520837595728,476.4347127353002,166.56959391689497
1948-09-01,703.3522816367046,438.95261719325305,161.68882566868652
1948-10-01,735.5993238383629,469.6384733695169,171.41039059251554
1948-11-01,675.8877328331549,398.88655974915093,155.53228728277188
1948-12-01,688.6192340490906,392.25666623956033,160.67079900435226
1949-01-01,694.6182437993942,404.20262726871965,161.19666449385846
1949-02-01,672.0686850425561,374.81740346028045,156.61358193783795
1949-03-01,703.5738872565469,406.15478460042834,163.06953493677557
1949-04-01,684.0712482818666,381.10018849479854,160.18504751743595
1949-05-01,667.0180566555853,343.3268449848406,155.6037865896878
1949-06-01,661.2244111874611,340.45099513397264,155.90372885311024
1949-07-01,699.9514918079526,365.08491927162277,164.66976828067695
1949-08-01,724.0674315198011,369.73297236538514,169.12778196135184
1949-09-01,739.4872149854926,396.5762590731218,174.4919186793973
1949-10-01,764.1838842941074,425.8211209476417,180.14624416134265
1949-11-01,787.2603042145623,413.27398651128993,183.46127587159822
1949-12-01,830.0343136357731,459.90908776762274,193.03241958063745
1950-01-01,856.046559782569,498.87574065963776,196.48415441251552
1950-02-01,878.3629317146625,507.57568458857526,199.5279244009255
1950-03-01,881.6641533899601,503.3698617085059,202.22137107874923
1950-04-01,907.3501071861049,559.6213732826508,210.39459378993763
1950-05-01,943.6497098237105,567.4932053651846,219.6799314297716
1950-06-01,888.9864223849033,515.9399099395357,206.86119706136103
1950-07-01,931.7494696088478,578.108516731868,209.8969958783961
1950-08-01,997.4920257179081,600.4637161367708,220.26128820969996
1950-09-01,1049.0643883563362,626.6990737122875,231.07867988318822
1950-10-01,1057.1852062772464,615.1707249066742,230.94858011531372
1950-11-01,1095.3149588364972,638.3505731309114,237.5686709311348
1950-12-01,1161.6346694810575,728.7870393625712,251.00781526873484
1951-01-01,1260.6841248542048,797.9245077443902,265.6261399449977
1951-02-01,1267.2479977249975,796.5624585889155,269.7347275089404
1951-03-01,1226.7648644037347,766.2142657095637,264.2089734795049
1951-04-01,1292.4699857087935,795.4304217546303,277.27425863109767
1951-05-01,1271.0190035276833,751.4703549692401,271.1377979974631
1951-06-01,1202.6217341519882,716.0138569606868,264.37570595103614
1951-07-01,1285.4094446531012,752.5893770438926,283.00563530986165
1951-08-01,1356.8507883877883,793.3657607467273,295.47684908473485
1951-09-01,1389.993458739528,811.2068113012475,297.9092767937044
1951-10-01,1356.9768051147423,785.7818051800816,290.84021884731357
1951-11-01,1363.2684959204971,788.6381063262751,292.79095146361277
1951-12-01,1392.9883217043323,787.9527640391154,302.90032792881414
1952-01-01,1420.3129716746362,793.7086013898684,307.74852341863703
1952-02-01,1388.1669997804647,764.9141391393782,300.0166117918145
1952-03-01,1444.8172760229759,776.1457559014314,313.66817930254075
1952-04-01,1383.3001494560974,732.3402601904208,298.46537558765687
1952-05-01,1423.5958073067673,740.5645731336061,308.3903675216972
1952-06-01,1468.081667273548,765.5643594466613,320.6671537086437
1952-07-01,1498.062640231992,767.4308666001409,324.0747164484617
1952-08-01,1501.6416616857703,756.6091397668044,322.0631865240117
1952-09-01,1484.631410319776,734.3974560437671,316.03061864530406
1952-10-01,1478.292945705099,719.0456783860333,314.39713033271283
1952-11-01,1556.5144277667684,755.6189563003047,333.4059329150172
1952-12-01,1604.460071854995,768.8353042846004,343.7160581784926
1953-01-01,1656.9720925655215,791.2834576533334,343.0982132771249
1953-02-01,1683.1462865285237,800.3983876789995,342.63319946087563
1953-03-01,1665.5036481419086,789.4621361416171,338.3823561461302
1953-04-01,1628.3780562165052,763.2481169626268,329.35651143118577
1953-05-01,1660.2638968676004,765.0327895045958,331.6276162385036
1953-06-01,1618.4715182213424,731.1607714910825,325.9800953668876
1953-07-01,1637.423259264552,742.7094339419609,334.2834944968287
1953-08-01,1578.4928639988375,682.5557406449639,319.7448927080702
1953-09-01,1571.1349289052175,661.4799154808748,320.9013793477564
1953-10-01,1629.7674220176627,679.1655997003257,336.06034931554467
1953-11-01,1666.5193129934557,690.3702224729097,345.8150388441024
1953-12-01,1678.443125356379,651.6424688732292,346.3429644526396
1954-01-01,1754.9079420338078,735.2540819611585,364.5214543624981
1954-02-01,1790.716101529672,732.1225833583001,370.8479990886704
1954-03-01,1841.0392172795619,740.9469593526793,384.6983697309973
1954-04-01,1871.206264969199,737.0573677732561,401.477622409482
1954-05-01,1939.9138715285303,783.715005079426,414.04946429526836
1954-06-01,1985.5492784036098,778.1372103925175,418.7381863850321
1954-07-01,2109.3864778801917,853.2696199442212,439.85757389938004
1954-08-01,2077.939997394331,851.0374838562174,429.75339441696707
1954-09-01,2180.200016913501,882.4295831744864,457.6008028839897
1954-10-01,2188.9350972912653,863.8379984443892,450.2350253251093
1954-11-01,2432.9483884098872,951.5266432148252,492.7467846439793
1954-12-01,2570.1595733069103,1103.9758144789769,520.1580664747446
1955-01-01,2627.5284906666298,1117.8579681135477,523.7680486810788
1955-02-01,2756.6239314419286,1181.5173258963766,539.867311259337
1955-03-01,2788.722639390664,1176.241742529556,539.5228851996376
1955-04-01,2853.7010599829196,1189.4312144568237,556.8850377988994
1955-05-01,2868.376462698619,1208.1330979910836,562.8917431770855
1955-06-01,2976.079855662506,1234.858307878661,600.367213397783
1955-07-01,3032.4393976899137,1246.29410839343,612.3775015275357
1955-08-01,3075.5256444031347,1239.6449404927102,614.6453007574797
1955-09-01,3034.2084115779107,1248.667101412948,613.4483831675841
1955-10-01,3013.1957294335466,1211.5415167361555,598.1666572936624
1955-11-01,3166.819777336011,1263.784240978938,641.2952393642412
1955-12-01,3216.2446186146744,1306.8495527529133,651.9732036488442
1956-01-01,3148.565343917397,1277.6145964220811,633.6636216134744
1956-02-01,3233.0315285708275,1320.3369186794123,658.7858891835172
1956-03-01,3410.6007094180804,1362.5945418230049,703.5111654342758
1956-04-01,3461.528156851476,1362.6168202437639,706.8765202988081
1956-05-01,3318.1951569686994,1290.012228739709,671.7215958746734
1956-06-01,3389.945094156044,1308.1094454447548,696.3867577162265
1956-07-01,3549.920264289969,1346.8361040637135,731.5292311373133
1956-08-01,3468.467272827431,1313.1866430928974,709.4937045633897
1956-09-01,3335.902800506694,1250.986362742957,674.3471092174366
1956-10-01,3396.23273608997,1238.4826414585687,679.5173880512775
1956-11-01,3432.7341210066975,1235.1576251869128,683.345580571039
1956-12-01,3537.012653987061,1241.4281622542753,706.5427750553964
1957-01-01,3536.9513929278937,1265.3501849981565,683.1620131757862
1957-02-01,3486.403511899546,1213.5264395538627,670.6834381502397
1957-03-01,3560.58424238276,1230.9985262547425,686.4023720330496
1957-04-01,3654.8648101134427,1258.309447248245,717.2000247806203
1957-05-01,3725.3173132349375,1284.1969652613939,743.7556731954922
1957-06-01,3693.8389463801195,1264.728811673448,739.9184295710758
1957-07-01,3714.459000100939,1275.5973851894448,747.2467515316055
1957-08-01,3611.7655022042995,1188.4641366983658,711.0457426383836
1957-09-01,3493.379490362805,1093.0660244080818,670.3534471777855
1957-10-01,3355.7327228752215,972.7249969654957,643.3150707101806
1957-11-01,3451.9091636619514,982.0019044433056,659.8624526854093
1957-12-01,3377.5369522726555,897.7962427792347,635.6554733881895
1958-01-01,3621.720681013571,1070.8485245283282,667.0156105519114
1958-02-01,3654.391354064031,1038.6030683086685,657.7080118030376
1958-03-01,3807.2575775493533,1076.1865585443811,679.801230258399
1958-04-01,3942.266395853649,1115.3665722981777,701.2596497231932
1958-05-01,4058.772943680927,1169.8863818793877,718.214603656826
1958-06-01,4149.929980504022,1245.0351801080644,739.4699811418619
1958-07-01,4243.756369922735,1345.2007755703444,772.4306682821327
1958-08-01,4355.533432826275,1391.8147271969544,787.4529108125718
1958-09-01,4537.971199307863,1513.0801500539535,825.6758214893109
1958-10-01,4659.6929715964325,1531.6064244576262,848.0547149620261
1958-11-01,4864.783427222922,1581.92788959543,874.484739270945
1958-12-01,5056.9486132799975,1648.8089216587657,921.4950160387573
1959-01-01,5272.830255275781,1727.0046081014289,930.2076031592975
1959-02-01,5449.918845269247,1751.4555393429287,940.8088132633945
1959-03-01,5509.766551046876,1778.8072148312988,945.4676198596685
1959-04-01,5651.610862699674,1821.3011403864036,981.9304876956608
1959-05-01,5788.240759433674,1844.168832901742,1001.1036245303734
1959-06-01,5858.339133385981,1830.544906556862,1001.0949253780312
1959-07-01,6069.120066403121,1881.7051403543549,1035.3813626598467
1959-08-01,5997.346349041834,1826.7078668033673,1023.0241466074878
1959-09-01,5782.268794590935,1707.3015998106612,977.0299459337389
1959-10-01,5924.5095423354105,1726.1564752694421,992.3191141660358
1959-11-01,6038.517663978056,1732.0025529736256,1010.7912028651826
1959-12-01,6176.639545277238,1762.8773517231118,1039.1320701385612
1960-01-01,5998.193711092779,1722.4247814208568,970.0771688957543
1960-02-01,6072.502093954903,1708.7287485289107,984.2004590333333
1960-03-01,5978.183991431595,1632.4842123577266,971.6479229678107
1960-04-01,5935.0209595421875,1551.4088102823507,956.8315294394599
1960-05-01,6063.353498102422,1559.8093476800914,989.1672177205518
1960-06-01,6267.3369134123905,1583.4741511793545,1012.1654858705343
1960-07-01,6251.604315098889,1545.6956565500009,989.5611619531511
1960-08-01,6463.9646831933715,1644.5235023317728,1020.9507928494822
1960-09-01,6212.417518782203,1490.9461534606364,961.5502867830022
1960-10-01,6194.0626827262595,1429.1077164409119,956.8905665345526
1960-11-01,6470.385331718467,1459.6493232762884,1003.0597964129166
1960-12-01,6696.213814712158,1505.9153764382418,1051.9124870965127
1961-01-01,7137.483323311034,1696.8385374402985,1119.2470369171415
1961-02-01,7524.805707834497,1836.605483956923,1160.7907935889034
1961-03-01,7827.395828639937,1954.6044974737792,1196.6911545024996
1961-04-01,7969.8876991534535,1934.6171067522082,1202.2697304302237
1961-05-01,8274.600973447326,2051.52285277616,1233.353903895165
1961-06-01,8096.978719935345,1920.4649787602207,1197.9514793059077
1961-07-01,8182.346066243926,1905.0460263573498,1234.1020690348832
1961-08-01,8417.086417139828,1897.8157861230557,1267.1703508533312
1961-09-01,8245.925219910514,1792.3272518603503,1242.2024651443248
1961-10-01,8487.122447325071,1773.4191313633946,1276.628200949223
1961-11-01,8848.20844350267,1847.8106234909742,1335.8568926523749
1961-12-01,8835.90862117563,1849.2492467175075,1336.0699649567587
1962-01-01,8774.328734222509,1849.938572866714,1287.5037972620628
1962-02-01,8948.559959490884,1864.4403708351163,1313.565548250613
1962-03-01,8920.394864160606,1815.6631988081908,1307.3202788327062
1962-04-01,8509.241465522582,1643.0392586019225,1224.221186960865
1962-05-01,7903.842716939271,1431.9050460768667,1121.2944016389647
1962-06-01,7456.563546241833,1243.3670487996023,1028.508515566818
1962-07-01,7807.553482535221,1375.0768954116033,1095.8137753707424
1962-08-01,7970.035216233436,1428.553168348016,1121.3337458068359
1962-09-01,7672.0132995009435,1294.5187959039397,1065.1594694840578
1962-10-01,7654.565069814286,1236.7449581565916,1067.3642206063962
1962-11-01,8374.419888120548,1490.2159733727303,1185.3539804096386
1962-12-01,8486.786263039572,1395.3184986127642,1200.152277003882
1963-01-01,9087.30701561912,1547.9761933096008,1262.1471975526138
1963-02-01,9067.608641947503,1484.3387217252618,1234.94149979644
1963-03-01,9367.726811285213,1479.202108205183,1275.6877985967121
1963-04-01,9817.409923207135,1515.0588548293413,1336.406108038657
1963-05-01,10117.724192225083,1585.604873599708,1363.1358665411008
1963-06-01,10062.243238648683,1547.7734304179562,1338.993753081802
1963-07-01,9962.318150210282,1516.3798335846488,1337.4179270834159
1963-08-01,10485.15077031042,1588.6837354992454,1408.5846205973776
1963-09-01,10209.21771755517,1533.0670150503354,1390.4114715538483
1963-10-01,10406.317181086823,1594.8903340167838,1429.873781579682
1963-11-01,10364.082414365179,1565.762006554758,1421.5990299837156
1963-12-01,10609.966642217145,1546.006550685024,1451.7590469309703
1964-01-01,10872.205792887591,1561.6031801038514,1489.4708600796173
1964-02-01,11101.681816489472,1605.347171181619,1516.560430898707
1964-03-01,11413.312753370341,1669.734970639095,1542.7034498477767
1964-04-01,11513.211882036805,1640.1943200908431,1548.7993482906163
1964-05-01,11705.41424712036,1633.8978601251624,1574.2085628592067
1964-06-01,11952.39087921534,1672.2250028400701,1598.8303116456264
1964-07-01,12329.49430955439,1716.825333947068,1631.46894766641
1964-08-01,12248.435979591593,1690.9893788806053,1612.7399282753406
1964-09-01,12640.354434960294,1788.4823637586198,1660.650504776568
1964-10-01,12962.717349201665,1808.3422800097992,1675.165884299534
1964-11-01,13024.508289516185,1808.0981718854205,1679.9505890184787
1964-12-01,13006.466152437637,1781.9457133603976,1685.7284739888855
1965-01-01,13656.935132480427,1910.2676870157065,1750.1998551680945
1965-02-01,14135.246341844533,1963.5589213499823,1763.3079349961065
1965-03-01,14145.266676623802,1966.6792521030782,1745.9935490362625
1965-04-01,14617.451538133957,2045.3198720172977,1805.7440333181096
1965-05-01,14633.884387658529,2007.8085010325135,1797.4247418345892
1965-06-01,13775.076325999924,1833.9141744104186,1704.8628062084276
1965-07-01,14208.166516449282,1877.3026581670858,1734.4066715982442
1965-08-01,14679.305323235925,1986.8798381269166,1787.4805179319146
1965-09-01,15173.465009363003,2064.6245189193796,1844.135613113957
1965-10-01,15726.149823453998,2173.61666666049,1897.8714760897685
1965-11-01,15958.49892159558,2234.60713310165,1904.0632900313199
1965-12-01,16260.392615967672,2367.790902576289,1929.5094817722265
1966-01-01,16876.80501896604,2463.514220060343,1950.6078891186899
1966-02-01,16919.561637354087,2557.8313451114655,1933.805008261024
1966-03-01,16571.504549581514,2521.141914289198,1892.6898864566865
1966-04-01,16986.11873913293,2626.455767383125,1939.5867294313312
1966-05-01,15936.186526385825,2363.524282174135,1837.747323530069
1966-06-01,15716.140778362547,2336.594108309953,1818.180820475526
1966-07-01,15664.606924104663,2290.36834658879,1795.1277379229164
1966-08-01,14529.003776795338,2061.6395664725273,1660.7162132179851
1966-09-01,14436.080697496101,2026.9483785246325,1649.754598095916
1966-10-01,14831.989918986937,2016.572368966514,1720.8544221541936
1966-11-01,14932.572084805026,2200.6314022793918,1751.7578405616593
1966-12-01,15136.18675522503,2241.232540393646,1760.9528637474127
1967-01-01,16409.273562506634,2686.424158870517,1912.0721065456714
1967-02-01,16490.17521939545,2789.6305574642065,1933.8427215988986
1967-03-01,17055.991058575913,2960.7715461779053,2018.7550576360604
1967-04-01,17518.690930250366,3073.976350168863,2103.8927467183257
1967-05-01,17234.374313975324,2999.3161404304865,2020.0588520974418
1967-06-01,17716.10690688513,3182.7014050738717,2074.0486327889753
1967-07-01,19098.300746406272,3404.395493403202,2175.647382368336
1967-08-01,19313.67131936285,3372.339705437317,2163.122729213203
1967-09-01,19647.72467534192,3476.127683812793,2236.9258458625686
1967-10-01,18885.463411900873,3331.2886089717827,2176.8176176156485
1967-11-01,18862.463015850004,3346.7248918525015,2192.3878652001627
1967-12-01,19689.62298302986,3529.175663212067,2266.1342607087945
1968-01-01,19921.956880485137,3377.5627002215556,2183.4505796514727
1968-02-01,19517.66233060056,3158.380988660306,2110.6583829968217
1968-03-01,19393.573862614932,3150.246179638533,2123.037462668058
1968-04-01,21099.242756482425,3560.166009798717,2324.089757101468
1968-05-01,21858.820447578884,3773.8680718813143,2387.2511279404544
1968-06-01,22621.346410422386,3675.1909319491588,2413.9259785458057
1968-07-01,22352.179350955295,3398.330928939594,2360.156647040427
1968-08-01,23138.802665384257,3438.2085917353734,2401.8781625286074
1968-09-01,24313.66916856585,3693.982311928423,2507.7973065746673
1968-10-01,25015.344469287415,3649.4028531703707,2529.451261131974
1968-11-01,26956.334303677915,3983.8447503972056,2677.2304521634273
1968-12-01,26523.62645191775,3845.2459150850423,2583.459948903197
1969-01-01,26847.248379636738,3735.949837220899,2564.157687980538
1969-02-01,25373.380889334378,3318.5392228534,2426.8302401172864
1969-03-01,25782.721954318713,3325.114310986424,2502.006364232251
1969-04-01,25867.003609769625,3322.9266517789392,2552.311141414278
1969-05-01,25764.74951552015,3233.067537593269,2561.8709861408797
1969-06-01,23543.330426967696,2842.0737668270203,2391.6489683941963
1969-07-01,22461.3336571705,2455.0929836416376,2237.1752903928
1969-08-01,23079.640174798766,2664.0003670662063,2352.432589237397
1969-09-01,22864.5763944366,2566.2172917747293,2297.249496792453
1969-10-01,24360.219445229286,2832.449530372072,2426.7705457743023
1969-11-01,23562.925540531764,2625.514846410412,2347.32736934414
1969-12-01,23137.67222806349,2400.8234591425266,2300.6217685434867
1970-01-01,22059.88914532967,2159.4363748065693,2128.3590959104636
1970-02-01,23398.571899422644,2261.6544516699355,2250.3315884164936
1970-03-01,23646.453328310774,2170.838882257847,2239.9079087649006
1970-04-01,21502.82950302315,1735.3119218737074,2004.9691718222941
1970-05-01,19880.826347724746,1525.6532707848478,1876.5724967286226
1970-06-01,19648.432012640445,1364.5500676158645,1778.8205686765561
1970-07-01,20945.89185653946,1477.2560272812555,1911.3619009526271
1970-08-01,21458.622573035154,1671.8007273551564,2008.3591232110073
1970-09-01,22152.43627699875,1981.1910618727045,2102.8880786805516
1970-10-01,21959.72999620531,1705.9983534103608,2064.6805780926647
1970-11-01,23438.40061534979,1715.3241081093608,2169.02936607919
1970-12-01,24959.53434866733,1858.1315627938484,2302.528998784043
1971-01-01,26369.402387633785,2111.5721048097935,2422.5671596506204
1971-02-01,26621.962397477746,2191.121466292898,2464.628854271277
1971-03-01,27473.355343280815,2355.4577673863323,2573.482970923384
1971-04-01,28674.314059947745,2428.0252337190295,2662.684828676935
1971-05-01,27779.505135851854,2248.2553981133206,2564.552473048658
1971-06-01,27836.758129008173,2163.979226579936,2571.8166158027475
1971-07-01,26779.13195943319,2002.9826994085283,2466.6844714441368
1971-08-01,28560.392517404496,2115.565529753976,2571.600364698332
1971-09-01,28286.7685344758,2063.2849339347604,2558.9194214600852
1971-10-01,26994.682409813482,1884.082839591862,2455.2771788741175
1971-11-01,26770.845472686375,1811.9058303840206,2453.261122711862
1971-12-01,29225.913508864018,2073.9216731564347,2675.62430368367
1972-01-01,30044.613414974123,2204.759937101874,2749.9587544118826
1972-02-01,31013.815012104187,2296.9357027434535,2835.6045484065457
1972-03-01,31362.38053210866,2266.1510908955056,2861.1100098422617
1972-04-01,31355.076582153622,2259.63114759189,2877.840927796328
1972-05-01,31341.218905176094,2164.433610425811,2922.4776881256357
1972-06-01,30782.161207060868,2042.9558779018034,2859.9277046152883
1972-07-01,30687.053656858694,1927.1983205393071,2846.3309436076456
1972-08-01,31690.50326307483,1967.261921369805,2947.6893053731046
1972-09-01,31187.096417679953,1901.7151935545453,2924.4855537912185
1972-10-01,31957.353765648986,1840.2974384740214,2950.940795232335
1972-11-01,33624.973172128026,1980.2162379309411,3097.056699170778
1972-12-01,33679.92007703833,1869.2229575590159,3127.6865019622574
1973-01-01,32543.796343477195,1668.9410636342259,3043.058880810088
1973-02-01,31443.08877284326,1511.7835594360456,2908.4047532116783
1973-03-01,31435.724993961372,1443.0950931325108,2883.670157985906
1973-04-01,30749.187307171003,1266.856181302843,2735.169162379005
1973-05-01,30396.210621250782,1095.8638011274713,2668.404582869465
1973-06-01,29961.261820646007,1034.0640896306104,2640.3601081361676
1973-07-01,30597.480227028875,1223.5546485309537,2790.5984913990906
1973-08-01,30003.752645862704,1156.4563329063706,2703.476735919029
1973-09-01,32722.131340418782,1281.6429433538322,2850.2950966715325
1973-10-01,33254.38167549051,1189.2627608183595,2845.424637564853
1973-11-01,30033.527540679428,902.351002883216,2498.1753945161086
1973-12-01,31592.261012664636,873.8838268898311,2529.205076024387
1974-01-01,32743.249537157255,964.3200978960491,2540.6163918578027
1974-02-01,33470.22858811353,968.1875807942693,2543.484851275195
1974-03-01,32399.058102852694,948.5633673553986,2486.051262804216
1974-04-01,30866.59593820159,860.5019694455722,2373.266111930097
1974-05-01,29180.355962759346,766.0721182723571,2279.9809885544196
1974-06-01,28850.871225869923,728.760769204457,2229.379550818974
1974-07-01,28174.869347263688,665.54835158797,2065.131096919338
1974-08-01,26465.145020611424,593.8990166725913,1884.6358422083147
1974-09-01,24956.84982723154,522.3949428326437,1677.5520107980424
1974-10-01,27657.656905664197,620.2044002371406,1956.2170657884096
1974-11-01,26909.757631404493,606.085422257566,1878.4948142472986
1974-12-01,26582.6759857366,566.8864802485597,1826.7626044922936
1975-01-01,31798.57953884556,735.6327069282441,2086.7510521330296
1975-02-01,32535.234336044727,813.1154801778719,2211.9030833179154
1975-03-01,33933.0612257367,887.0629340132609,2279.8338686120455
1975-04-01,35463.333701221505,936.2455351868311,2386.277906529846
1975-05-01,37083.790306498406,1014.4404814119747,2520.4936350921416
1975-06-01,39026.65828958326,1086.2546505280432,2652.5653637721566
1975-07-01,37529.5874819966,1020.7195605059196,2490.2699343538266
1975-08-01,37240.72374833118,967.3239748654065,2431.3073189716993
1975-09-01,36566.128147620984,911.2586101034007,2340.7184604162603
1975-10-01,38686.70207696351,937.392860047553,2478.131505458466
1975-11-01,40446.85792481815,964.977594731601,2554.1930911042004
1975-12-01,40347.80231882652,961.8018148682356,2525.6186137854884
1976-01-01,46611.58962720833,1113.1614224776652,2844.7788439279334
1976-02-01,48512.45262637827,1151.6279287773311,2863.7928470346774
1976-03-01,48924.045505129354,1162.0194936810228,2942.054296852823
1976-04-01,48487.350453431485,1140.8968494740514,2910.7834454065023
1976-05-01,47819.61078565009,1124.9356911409407,2882.6649816783242
1976-06-01,50671.9946200695,1188.4898761398508,3011.978810586612
1976-07-01,50836.795813562174,1168.8438532496887,2994.2554410799407
1976-08-01,50693.38730893483,1135.544243270225,2990.2382265301508
1976-09-01,51511.588821189376,1163.5119371673275,3063.9740250679706
1976-10-01,51098.51275438927,1112.3301058471998,3002.344763602957
1976-11-01,52527.147457322084,1133.358550772026,3024.79003185051
1976-12-01,56854.44469713742,1211.1840157364393,3207.747021796323
1977-01-01,56414.32022712571,1132.277351341156,3089.43051852734
1977-02-01,55886.94618634888,1100.740347311909,3040.2841914064334
1977-03-01,56285.50114872952,1078.3160983122389,3009.9793028732392
1977-04-01,57548.065427762165,1063.5495082640193,3026.484117722213
1977-05-01,58062.65964752363,1043.1521283003221,2993.686910048132
1977-06-01,60890.21264178407,1120.0622012862761,3146.721425105293
1977-07-01,60847.27834394823,1101.1815479722557,3106.58659628298
1977-08-01,59445.0065705804,1101.5533509101128,3065.544969631672
1977-09-01,59941.28439683502,1108.9010642577557,3070.5023263653425
1977-10-01,58397.57472250451,1069.2389222693741,2951.1880542010563
1977-11-01,61831.92016532371,1150.9782957333666,3084.84424647868
1977-12-01,62224.715640367416,1155.3064042889296,3108.08042001462
1978-01-01,59333.66798570106,1094.658040048708,2936.3684889986325
1978-02-01,59694.44605422314,1082.7542030853592,2909.3615005680635
1978-03-01,61765.82343415598,1156.0261722758792,3007.754213508434
1978-04-01,64972.44742337364,1275.0706377864458,3260.9361008308915
1978-05-01,66753.25774306667,1336.514501570681,3335.1411827607876
1978-06-01,67389.86086605466,1313.9193604068344,3296.385991381252
1978-07-01,70541.47305459692,1394.1568813038002,3483.182492038202
1978-08-01,74635.30041567175,1457.9574432622292,3633.650809686614
1978-09-01,72871.90725058914,1449.1730140370887,3604.9546259733816
1978-10-01,64319.16833028606,1187.3117979196288,3200.5947553021488
1978-11-01,65588.51033324268,1270.921807931292,3309.943143828419
1978-12-01,67184.88613925617,1287.9417258895282,3364.8902213136266
1979-01-01,71126.22433082265,1368.4235000942426,3533.402339967928
1979-02-01,68804.71131197266,1331.5687413750668,3433.5593115603665
1979-03-01,72602.36120704666,1474.689435049929,3656.4409100818457
1979-04-01,73609.78140682507,1473.2268085744577,3683.3184520510727
1979-05-01,72368.33036046455,1463.7773697693121,3631.8672216899154
1979-06-01,75642.74691485253,1615.2683768114475,3801.293284937892
1979-07-01,77204.35284710872,1695.6892456873493,3861.8113211394466
1979-08-01,82262.21845387551,1846.490366469279,4105.343886841321
1979-09-01,82704.39844361969,1823.821675691178,4105.910105265619
1979-10-01,76348.71263705674,1629.7732686295508,3809.6703528469575
1979-11-01,81557.89673577646,1757.8304867204724,4045.7679838100235
1979-12-01,84079.34230241767,1847.2497415325047,4156.163112173483
1980-01-01,90791.96961953417,1969.6113981591413,4418.365709944073
1980-02-01,90956.42111410602,1885.2744501324532,4403.506739221238
1980-03-01,78867.2167231669,1623.7283649801498,3889.3364300282174
1980-04-01,82558.51477998935,1709.7631874151368,4090.383964287039
1980-05-01,89967.88472451243,1857.4346567470973,4337.800437847511
1980-06-01,92826.61789669987,1918.9756696055642,4496.956523580078
1980-07-01,98432.2354113105,2119.037691260268,4812.366072134831
1980-08-01,99701.27350348332,2185.6846263973166,4927.250064280039
1980-09-01,101856.78683828865,2250.2184696432446,5072.030940310048
1980-10-01,104885.361255913,2274.830684198661,5174.941169602048
1980-11-01,111480.46589694114,2448.448965349707,5721.085455151795
1980-12-01,110951.51082759265,2344.389578266224,5536.521167439785
1981-01-01,109579.91493656066,2252.8213785868875,5315.615645155518
1981-02-01,113465.44229654805,2280.608178097351,5403.095658785792
1981-03-01,121416.44693174252,2478.937352109726,5660.836973608363
1981-04-01,123476.52950014915,2498.3062812167004,5607.808385847511
1981-05-01,126536.03967876754,2548.950821911699,5677.086623728907
1981-06-01,127603.79423839865,2458.9979869487433,5620.812362090885
1981-07-01,123468.40274115736,2511.0358433281094,5604.121844067479
1981-08-01,117418.05690567635,2343.75337247466,5281.977035246442
1981-09-01,112862.84355071727,2114.054362268557,4968.889138133033
1981-10-01,120464.38404680202,2305.6645122256127,5273.379162577513
1981-11-01,125444.51178483159,2396.1398252343765,5505.386057597029
1981-12-01,122905.7331397571,2312.198327487064,5352.295504715658
1982-01-01,122406.62401899256,2156.316552257086,5221.684688992401
1982-02-01,122202.77904394748,1947.9810097175946,4963.725224029665
1982-03-01,123415.9178042393,1850.4637947036656,4919.895328513694
1982-04-01,129081.64022163328,1932.9423338777144,5136.132974470508
1982-05-01,125646.51703042239,1822.6198627953004,4988.381673117371
1982-06-01,124870.75132029854,1703.2646533178215,4882.540875676472
1982-07-01,125278.50225354669,1641.998086100432,4777.139756767154
1982-08-01,136424.39266614828,1881.9941186054393,5341.239091575824
1982-09-01,141988.50010571387,1848.1173218815254,5437.045314083651
1982-10-01,155527.47560066395,2183.304964048598,6081.361243558203
1982-11-01,165792.85611574913,2295.2932255695428,6403.795805891994
1982-12-01,168484.6198664931,2284.3180055762946,6482.034987168157
1983-01-01,168924.4489666546,2455.612456821785,6758.344750054024
1983-02-01,178487.41198619833,2458.817448532055,6975.447006716502
1983-03-01,189079.13185107792,2497.3393480874147,7216.5184858643515
1983-04-01,203218.21149572174,2639.7789936549634,7747.41779483292
1983-05-01,205189.6744723351,2810.99666944861,7841.3876075450335
1983-06-01,211978.8453376675,2954.6124288784417,8134.527117228231
1983-07-01,207634.4788085099,2812.570795481828,7866.335340611686
1983-08-01,205606.2491581991,2798.379870098903,7887.781355409919
1983-09-01,214667.304222226,2827.439970924274,8019.173179027115
1983-10-01,210860.28476882383,2636.1315840115767,7804.590585179737
1983-11-01,220000.0090519086,2780.4701463694046,8026.558596091482
1983-12-01,221074.5154961192,2722.746754856196,7941.469385704893
1984-01-01,218967.65325598963,2590.746440215117,7848.644581652416
1984-02-01,210566.62968144647,2404.726078834222,7525.736380559218
1984-03-01,216778.09427864203,2412.6381566733235,7629.906569607242
1984-04-01,219968.84020942467,2360.955876652909,7652.920631958245
1984-05-01,211748.0349315023,2174.4718811582825,7255.336258703036
1984-06-01,218298.3164034446,2240.2502861601656,7441.8618733625335
1984-07-01,216443.43124299822,2067.184992488532,7299.4638014733755
1984-08-01,235916.75368125533,2423.3636126910965,8110.356750486099
1984-09-01,242093.82809958266,2338.453047186906,8115.224068698907
1984-10-01,246803.56500832105,2247.836986073603,8127.629811596972
1984-11-01,248495.00302026086,2160.2188693130097,8045.385017388837
1984-12-01,255942.02298261024,2202.169878894075,8244.226392422539
1985-01-01,270491.921101317,2504.2113294329356,8953.052749158467
1985-02-01,278958.077794525,2491.5961394818974,9113.32041586083
1985-03-01,288295.61899047426,2391.253882105763,9094.100970119984
1985-04-01,294466.0916618823,2294.669966093109,9071.623296426093
1985-05-01,314278.54253119533,2352.6462943219294,9592.170278205058
1985-06-01,327872.20229826396,2311.187097085974,9767.47560640309
1985-07-01,321719.98862200725,2387.159722873384,9755.318303787595
1985-08-01,324442.35421092773,2307.927191046075,9710.987129429379
1985-09-01,312296.5042832991,2119.80062736651,9329.813260110517
1985-10-01,333194.24022176675,2096.7134972115878,9764.327413762505
1985-11-01,355876.9867174005,2291.8169457392273,10456.98343091366
1985-12-01,374546.45043769624,2380.0131711209824,10931.626524354706
1986-01-01,383625.1754864681,2384.9531026588293,11064.743680142266
1986-02-01,415078.0550406028,2560.3458783084416,11912.542261819306
1986-03-01,442396.4670424665,2671.608863624044,12562.043524246283
1986-04-01,442441.27867652214,2670.214040923699,12459.988905307242
1986-05-01,474900.5317071388,2756.2786536917756,13097.786676502428
1986-06-01,495665.6965683103,2645.839830024867,13300.698457887827
1986-07-01,476426.02115348325,2383.284624087247,12515.078284566975
1986-08-01,496355.29799489013,2554.8430566882894,13338.109671218566
1986-09-01,450411.09305684734,2398.534532668159,12250.688532125798
1986-10-01,480121.5374676015,2486.200488347971,12881.12864388172
1986-11-01,483321.31225526973,2476.131097306841,13081.531313399315
1986-12-01,469865.48259283684,2386.116581459528,12720.56840219266
1987-01-01,524029.1509202489,2748.3705730924357,14356.949048141314
1987-02-01,534628.222752223,3002.8160399672083,15046.07450952379
1987-03-01,537318.4119598219,3020.484699630857,15365.477653023212
1987-04-01,523205.87282611616,2911.9102660033855,15107.714180232204
1987-05-01,529794.2433705631,2962.4198246909405,15176.099308355733
1987-06-01,559344.7588325812,2999.4704835721695,15850.315043590515
1987-07-01,586885.4013069913,3100.6641646347134,16531.77003204465
1987-08-01,606039.5684117395,3236.455130544876,17190.76201156363
1987-09-01,598335.3388814708,3106.6356768725823,16820.177319729624
1987-10-01,463225.60099320265,2140.6887002700278,13015.207119260245
1987-11-01,437465.1713608816,2013.1517336021418,12046.712049311256
1987-12-01,479875.87109761254,2177.4342158250856,12913.363885831373
1988-01-01,504802.97523419105,2300.692038511217,13496.70240779165
1988-02-01,524509.686803145,2504.199938692235,14198.766376430685
1988-03-01,517390.0886529929,2539.968084085247,13933.934179694961
1988-04-01,522580.25111000915,2547.2957904091095,14076.22189376088
1988-05-01,530283.1153661859,2542.0308130432,14109.693772975112
1988-06-01,547030.935639342,2773.9325269921756,14857.473994765947
1988-07-01,543180.8936221468,2700.3638295849155,14744.842974382147
1988-08-01,538502.1995631235,2607.3198479851167,14341.558481807198
1988-09-01,561373.5026781225,2693.61489239829,14902.723426514032
1988-10-01,578817.5218531119,2639.3245724551734,15168.677815608447
1988-11-01,569717.9721092858,2552.555747799126,14907.182280529832
1988-12-01,578433.183872448,2680.250590828577,15227.597797509447
1989-01-01,606119.5244615522,2881.48862963905,16237.695270186749
1989-02-01,602726.8797748392,2838.1976683743765,15972.112253230682
1989-03-01,622243.5178943031,2826.579663896534,16329.518843383448
1989-04-01,651838.6516475215,2967.4988501427156,17146.38671391633
1989-05-01,679163.2455639835,3148.2903867216037,17850.299123612276
1989-06-01,689184.0207953493,3020.0609369007907,17733.66888985883
1989-07-01,739642.6149549711,3080.8560017855875,19136.5284665392
1989-08-01,762518.7748453751,3186.424397882853,19551.89745322817
1989-09-01,770651.9156310236,3140.355717660363,19526.676358128327
1989-10-01,756755.2351471563,2891.190316936251,18941.532189471087
1989-11-01,776004.5607668145,2962.275721219337,19270.43784871177
1989-12-01,797107.0503112583,2959.1448950017775,19614.67696584317
1990-01-01,734332.9331291144,2653.4275057232703,18191.055224113476
1990-02-01,739573.7130629409,2777.2819394220414,18495.202597719872
1990-03-01,752955.2861848279,2881.736466977704,18952.800401642893
1990-04-01,720945.6887063029,2718.076569352165,18446.24502716031
1990-05-01,771065.9050797339,2986.0366378992094,20125.36264958039
1990-06-01,774139.0345083835,2956.25601981184,20031.74447628322
1990-07-01,787320.0521244669,2701.3268590131497,19793.429010071115
1990-08-01,716955.5663279912,2281.338957045944,17918.958304983906
1990-09-01,692481.9726109359,1950.692091517349,16930.56620872498
1990-10-01,709114.0115539251,1791.4755192898742,16722.84185829487
1990-11-01,748404.7743666793,2041.9822822288036,17874.78593528237
1990-12-01,764237.4377408581,2136.1254827252583,18420.275490225777
1991-01-01,776559.7117767652,2348.4500114154657,19375.824363511525
1991-02-01,823345.3920592732,2706.9553955946067,20867.320055128734
1991-03-01,846105.3757355853,2851.479013287446,21510.574433234273
1991-04-01,854246.2378356017,2921.9347824872584,21563.03015913686
1991-05-01,877387.4779748471,3044.324579069998,22452.798443143613
1991-06-01,844216.5370626659,2852.1016022066165,21437.601025030617
1991-07-01,882030.7939389268,2949.837990331353,22443.62274267551
1991-08-01,907913.7494387502,3088.6647112529427,23066.651417266385
1991-09-01,912184.4576873225,2997.273493543111,22802.95962269231
1991-10-01,944889.2350949005,3017.1350762117486,23191.515413105983
1991-11-01,927171.9572077608,2858.4326850343828,22306.965877873277
1991-12-01,1021833.7199461083,3132.571557806738,24802.793134415286
1992-01-01,1016562.5396100802,3326.1220625031,24737.01844407043
1992-02-01,1026638.392368308,3479.3660430685322,25077.731687748103
1992-03-01,1017413.093472052,3249.543868366812,24500.590811113037
1992-04-01,1036583.0471026533,3103.7074591166233,24855.263709299412
1992-05-01,1051409.681835188,3196.0643888663335,24998.1080142532
1992-06-01,1045886.0107991186,3036.5643112877788,24495.87611106848
1992-07-01,1091144.1654957242,3117.623907661093,25498.235417318425
1992-08-01,1073351.7614157593,2983.688602251237,24954.526302140213
1992-09-01,1086561.7269473728,3000.245627369078,25317.175081718604
1992-10-01,1092943.8645629436,3174.6467254276777,25632.672106760998
1992-11-01,1122399.22632597,3420.4233351654716,26744.251642484778
1992-12-01,1151613.2915406043,3482.327148608063,27228.352868417664
1993-01-01,1163236.3402339972,3484.6590193365855,27538.26927340917
1993-02-01,1191967.0448072562,3251.6829062524366,27646.54160133295
1993-03-01,1229924.9611967232,3291.3273917286374,28347.549483791852
1993-04-01,1204080.5848848452,3171.29811244249,27554.022535272736
1993-05-01,1214165.265497101,3370.3180947047413,28402.893296593313
1993-06-01,1243543.7182104804,3348.107125506561,28565.90043825848
1993-07-01,1256663.440194405,3259.708827568588,28526.468422976875
1993-08-01,1308477.4582957053,3390.09796300145,29642.86701289585
1993-09-01,1310795.8055715389,3396.3196462546207,29685.389996690115
1993-10-01,1309193.7116140954,3444.8586579270154,30156.67633641314
1993-11-01,1256511.9268539266,3415.3231357249906,29676.415838943944
1993-12-01,1277431.807531145,3549.9803229329054,30227.68495271532
1994-01-01,1293234.9802937033,3734.36038427217,31175.691433760592
1994-02-01,1275668.1418859866,3631.4182892238955,30448.11930966396
1994-03-01,1225240.9547238706,3444.2555408121884,29073.298334494633
1994-04-01,1239554.5748768318,3451.678290370748,29353.54780395622
1994-05-01,1244648.4624245593,3521.4628723405817,29610.73435750674
1994-06-01,1233943.3530176072,3382.5554943806364,28799.57975971252
1994-07-01,1265447.0373691644,3458.073582709305,29692.12579748384
1994-08-01,1332700.4729627157,3706.112922378466,30995.64655372967
1994-09-01,1306296.2708032269,3654.7800015164107,30385.74846680678
1994-10-01,1303976.706641087,3702.584634687154,30916.595928434417
1994-11-01,1251983.9997236768,3498.019152411066,29779.392844079826
1994-12-01,1283318.3673124409,3463.687613771803,30166.392867312225
1995-01-01,1316519.1352927322,3491.9341611958303,30835.37631598562
1995-02-01,1369543.7470978622,3686.533197211885,32078.67547645615
1995-03-01,1396507.4887359745,3755.0246955999137,32927.80614345192
1995-04-01,1415370.1433164813,3757.67683199217,33767.31537782054
1995-05-01,1478400.8360624958,3834.547326330087,34933.926382488855
1995-06-01,1499117.8148183234,4034.149970908988,36050.17701017671
1995-07-01,1527332.6212639501,4262.053690903916,37550.01639307488
1995-08-01,1543048.7517501465,4371.7394257434225,37932.30483537498
1995-09-01,1620911.6845608575,4356.121163597024,39378.7407466084
1995-10-01,1622552.5193046893,4101.11321466292,38961.936183041806
1995-11-01,1700811.691400862,4336.809410708235,40655.25647287294
1995-12-01,1737337.8673977172,4382.886521287717,41266.63757614822
1996-01-01,1786012.2242228517,4367.722172212714,42369.20812199033
1996-02-01,1806200.468073198,4468.710547771973,43096.34343672238
1996-03-01,1833136.519959744,4522.598460144923,43583.87576745911
1996-04-01,1820540.3167864108,4848.865994443298,44676.984280754215
1996-05-01,1838711.6126887482,4876.005097414199,45919.82057346365
1996-06-01,1874071.5379898248,4540.587242285726,45603.57674125421
1996-07-01,1809022.8334983597,4039.2044080502424,43083.43977599343
1996-08-01,1866290.0201051736,4327.066266198625,44445.52589339647
1996-09-01,1959345.256100839,4571.171528082983,46869.31608481973
1996-10-01,2017047.9151126514,4325.230751961291,47491.348199058026
1996-11-01,2123880.0309469476,4718.705903442558,50662.28518435632
1996-12-01,2100746.150409865,4623.357278230529,50026.138467206954
1997-01-01,2185803.4327832917,4729.799478530451,52767.05412007112
1997-02-01,2260075.0483628847,4648.720109251426,52714.57425007601
1997-03-01,2170383.7603709185,4255.207125922513,50296.59428903484
1997-04-01,2261046.0725933374,4265.627149476258,52576.56632199814
1997-05-01,2392939.6053145425,4822.270718878692,56367.00386062013
1997-06-01,2513643.556771037,4937.138698826316,58885.07517997782
1997-07-01,2706241.2112213406,5271.538261748935,63449.988363174045
1997-08-01,2610353.5906180367,5269.884383179137,61065.16212874341
1997-09-01,2762398.2497649817,5553.176185599974,64592.38865216778
1997-10-01,2717189.5375846433,5082.312769828151,62379.913710502464
1997-11-01,2818580.411575508,4989.680199421389,64501.001711003584
1997-12-01,2990082.980684063,4981.2308888151265,65640.40239003826
1998-01-01,2938103.0459164088,4919.177852577726,66015.35075082071
1998-02-01,3112830.817266907,5429.901900724796,70910.23567096073
1998-03-01,3263424.172397719,5660.457619634341,74532.54329947018
1998-04-01,3274145.6415759837,5700.319241446721,75393.63914785458
1998-05-01,3246896.7983415136,5266.460761577967,73397.32294206366
1998-06-01,3316858.346287377,5186.640017697364,76022.65579070525
1998-07-01,3234813.931314118,4667.675294539402,74428.49023149286
1998-08-01,2850049.6028686073,3537.5278091104165,62793.85542332677
1998-09-01,3003698.44993442,3991.7202536833543,66940.2896736907
1998-10-01,3096585.151207022,4570.074553178545,71931.29623240678
1998-11-01,3196621.616940918,4691.373984936561,76554.20532133813
1998-12-01,3301731.65682424,4981.752440987493,81547.33587331694
1999-01-01,3215127.2688165647,4846.1986012287625,84652.84497966657
1999-02-01,3168062.287293647,4503.590953700195,81482.50159829485
1999-03-01,3167027.139104857,4632.0733945132015,84626.20022808335
1999-04-01,3382204.400676515,5109.880374263345,88508.95298441789
1999-05-01,3399777.5906574624,5307.530960059477,86645.1800908098
1999-06-01,3436747.0469077737,5440.702657112842,91116.6947933512
1999-07-01,3385576.5564047974,5118.270460414141,88253.95828730841
1999-08-01,3242278.957204068,4734.937699812773,87416.84328646731
1999-09-01,3139848.4458558457,4573.890021125508,85220.97764205841
1999-10-01,3291134.8754845737,4436.535783618808,90730.04451106086
1999-11-01,3241105.9949500775,4654.807513071304,94022.11534352784
1999-12-01,3311053.840446433,4859.1187238203465,101554.7335534259
2000-01-01,3067881.1834821505,4561.879580126855,97177.80643106064
2000-02-01,2847811.4851313834,4568.751321813584,99956.23144800279
2000-03-01,3208068.7450643154,4898.728472281306,105861.56825152402
2000-04-01,3262358.147128138,4417.3920023271185,99797.43460721242
2000-05-01,3292987.262643615,4339.47269714575,95874.21936096801
2000-06-01,3164446.076078805,4528.846330965197,100692.5838974576
2000-07-01,3338241.7814727086,4177.752276733064,98657.58918026963
2000-08-01,3543724.050051896,4599.865844365005,106104.83136210099
2000-09-01,3703182.846821691,4238.868467741835,100944.18942524327
2000-10-01,3800414.035596411,3980.888251061954,98734.72742267053
2000-11-01,3878158.945505174,3406.0226399119892,88765.57191979213
2000-12-01,4247248.489475159,3598.9616580964316,90264.49505531164
2001-01-01,3930827.0034740693,4400.149798087206,93451.46808165606
2001-02-01,4033809.564942385,3439.1374575168606,84417.172667374
2001-03-01,4056125.51434029,2956.058361110638,78667.48031567407
2001-04-01,4254874.082654014,3643.280355373199,85198.75846101188
2001-05-01,4395768.408723608,3610.1746318727974,86065.9716241496
2001-06-01,4379467.185114382,3584.4311264043463,84653.38796789716
2001-07-01,4453832.640061873,3098.4433802146223,83129.64597664805
2001-08-01,4407880.019351097,2650.5813915606377,78032.21722678338
2001-09-01,4168345.6676183008,1961.433281939505,71052.44252674366
2001-10-01,4265468.584823325,2346.9496590681347,72980.33628482769
2001-11-01,4550131.856012991,2678.294030312081,78610.17149102327
2001-12-01,4702688.219506784,2711.334135043518,79971.85763814584
2002-01-01,4829543.424235585,2513.9557472668675,78969.76507873944
2002-02-01,5033383.231793293,2188.5391825598263,77285.03563643682
2002-03-01,5226749.444352724,2453.1335250672437,80660.71562503693
2002-04-01,5384097.443522814,2201.9626048606992,76570.21695631876
2002-05-01,5420363.162514125,1985.0078804286916,75622.36063624968
2002-06-01,5184800.900721583,1605.8276846294434,70331.70752849767
2002-07-01,4934836.72373694,1407.4635483839502,64670.30210674313
2002-08-01,5009259.793916986,1385.103456483484,65075.59020020914
2002-09-01,4634613.610831903,1142.8120458946496,58436.75017035157
2002-10-01,4802113.876533021,1262.420434551691,63103.257395157496
2002-11-01,4864980.030030572,1541.847666465427,66921.89329154672
2002-12-01,4793375.843104373,1384.6106119229194,63129.32082695208
2003-01-01,4713124.569534019,1343.193336224926,61550.316688791034
2003-02-01,4635166.896935412,1290.5518700908008,60431.72816079765
2003-03-01,4620011.430787509,1299.6812340198233,61155.122084830386
2003-04-01,4891034.930351226,1503.7074295879777,66242.85056431514
2003-05-01,5153368.768013318,1792.358867178497,70326.68147736188
2003-06-01,5116558.873307651,1804.6684652536833,71392.08613504411
2003-07-01,5223924.5896579,1870.0352354068443,73118.60725326143
2003-08-01,5325953.060818508,2044.7082755041106,74880.44236427509
2003-09-01,5340136.342806996,1987.3486320630122,74011.14146042366
2003-10-01,5717855.916662207,2161.329703009423,78555.41802079315
2003-11-01,5861148.620276502,2199.8779133587354,79681.71643345057
2003-12-01,6011258.615997447,2327.7618161848095,83165.55383917164
2004-01-01,6105403.820133144,2429.630678886543,84994.209709352
2004-02-01,6304170.163200658,2510.7363647918933,86252.69572975278
2004-03-01,6310602.668256465,2480.409586017146,85198.17006594162
2004-04-01,6132858.615963122,2390.8149842056755,83695.33235638848
2004-05-01,6240562.3302749945,2448.5704516665783,84750.81826756053
2004-06-01,6337860.871455308,2525.1069764555164,86401.63598194352
2004-07-01,6209895.363257637,2275.3518270490918,82983.92564434424
2004-08-01,6301558.254913157,2206.164362163834,83129.20220323303
2004-09-01,6458113.359117508,2309.282161136287,84553.62749611243
2004-10-01,6575959.364216786,2400.9645887130714,85854.57316345492
2004-11-01,6908880.933502757,2578.723481506121,89892.37367070369
2004-12-01,7090206.36546753,2727.105548878346,93094.94919809463
2005-01-01,6946952.078250252,2555.9664809028163,90694.38756694064
2005-02-01,7108753.74751334,2586.8829350989517,92566.92395043766
2005-03-01,7032356.255338964,2495.845847319432,90935.70148535576
2005-04-01,6813643.857647981,2350.1323018475146,88759.4005193351
2005-05-01,7080403.874408617,2525.1100863074817,92222.28050404038
2005-06-01,7219816.601871488,2558.757815861591,92960.32452388259
2005-07-01,7496308.575609076,2741.501326775993,96831.71971581512
2005-08-01,7449190.9778356,2740.8979778416183,95939.24963620449
2005-09-01,7518281.18126829,2793.0040985328433,96704.39567975032
2005-10-01,7323130.810667967,2695.4918905806844,95025.45898498075
2005-11-01,7497668.406395418,2850.7975886066497,98774.15654544104
2005-12-01,7566291.566251792,2885.96425016945,98830.2796503846
2006-01-01,7836518.734993635,3014.7562243235498,102179.7751103856
2006-02-01,7900802.806371357,3036.305947917563,102240.47492794548
2006-03-01,8036132.110265827,3157.992074340397,104112.3568790293
2006-04-01,8086827.197366397,3168.6086436758346,105231.93103586209
2006-05-01,7919267.402670856,3002.6518470668057,101880.55431029246
2006-06-01,7917049.6078351075,2952.437074726926,101937.93655580336
2006-07-01,7793506.423819723,2760.3499833779133,101547.77291940429
2006-08-01,7921043.337627386,2912.673465595162,104025.47529306906
2006-09-01,8170330.928290126,2945.7272996313063,106372.33598861012
2006-10-01,8373572.403813353,3070.546985443133,110205.11892700626
2006-11-01,8545303.801123137,3296.725403072672,112564.35614510362
2006-12-01,8693709.48802384,3239.3553797660834,113952.00554869782
2007-01-01,8891948.369423611,3345.3796109200425,116048.0558352281
2007-02-01,8836650.599961411,3380.8491689274556,114241.29913833228
2007-03-01,8944789.95963986,3376.2006048155636,115499.869139397
2007-04-01,9275045.64827,3496.0299658759013,120085.61838283297
2007-05-01,9560285.857364528,3687.1646015275714,124470.74249255804
2007-06-01,9293403.211838946,3603.0937104244886,122514.83376599308
2007-07-01,8898925.374723941,3481.4634995466954,118417.72092571901
2007-08-01,8926338.379508575,3472.7011433232265,120008.13360016505
2007-09-01,9152840.754655356,3632.83708187805,124278.29297283206
2007-10-01,9378182.954411475,3722.9307875979507,126905.28667243227
2007-11-01,9010443.252009483,3439.3349339924384,121170.0096729619
2007-12-01,8948991.193010269,3337.47861720206,120452.86287236764
2008-01-01,8369158.669702085,3183.6965469640836,113060.4472374736
2008-02-01,8213562.870453212,3028.859280109517,109680.58568219199
2008-03-01,8212098.967142812,2916.420845235358,108876.8947670009
2008-04-01,8610012.116546234,3155.227066560435,114105.300645191
2008-05-01,8928678.480393423,3235.4589376634303,116406.84943904537
2008-06-01,8297477.279749308,2757.443148782887,106824.09074963583
2008-07-01,8382606.990371124,2655.1365493510943,106184.54458727078
2008-08-01,8434384.84488139,2743.453245569726,107936.7753146927
2008-09-01,7789270.714414973,2276.3997609483845,98047.99089753219
2008-10-01,6734471.197866455,1676.0689818309327,81268.43137106248
2008-11-01,6389724.958641844,1368.9174408206434,74909.94249683796
2008-12-01,6541642.055784124,1459.7137584431368,76256.58485384213
2009-01-01,5956601.913277292,1380.566964864287,70072.46387400842
2009-02-01,5425029.6616502525,1210.0541922499337,63019.040854974344
2009-03-01,5750613.923943103,1356.9683063313291,68671.82563975573
2009-04-01,5975860.295791423,1795.278405218296,75647.40557146531
2009-05-01,6035840.603166311,2045.59507861379,79622.63599846189
2009-06-01,6178937.8896773355,2017.2635041246829,79980.12269924
2009-07-01,6582793.082906105,2281.1221151253376,86155.30238487369
2009-08-01,6721975.204829491,2465.4951103199483,89015.42741848795
2009-09-01,6896547.956342189,2719.213640104025,92639.86686547103
2009-10-01,6751228.753538891,2428.669590411946,90252.59880119054
2009-11-01,7099218.772937373,2549.8395470159753,95310.15757749538
2009-12-01,7395604.057488736,2707.268675369188,97930.07352642702
2010-01-01,7057744.834803272,2670.7902604200945,94588.72726202213
2010-02-01,7405439.693668472,2783.757744381188,97794.23494808021
2010-03-01,7891405.455652534,3033.261162946753,103982.3244142977
2010-04-01,8123950.969900794,3172.689713856403,106097.81207484796
2010-05-01,7667949.581014833,2843.6889925351443,97740.84449534053
2010-06-01,7294943.9550892,2606.490287117603,92207.63433080813
2010-07-01,7681945.911316889,2833.798355829422,98654.01688380001
2010-08-01,7400028.943817998,2637.459409599877,93933.660917941
2010-09-01,8101757.393547029,2944.9463700162228,102941.82760174613
2010-10-01,8380923.003329745,3027.9854645535256,106979.15991164732
2010-11-01,8431735.608285265,3052.827269263705,107649.97482262003
2010-12-01,8807401.87904111,3423.638109261459,115035.78495083695
2011-01-01,8840725.917086726,3583.298239977147,117333.25780302609
2011-02-01,9257580.55446061,3719.139786267315,121382.19103761032
2011-03-01,9533820.160074452,3715.561155582173,121985.76330781305
2011-04-01,9875358.577874394,3768.994566249377,125551.35369702464
2011-05-01,9893402.553764816,3738.6752130617274,123971.7317354495
2011-06-01,9805669.858585212,3564.2743396697797,121816.24351957136
2011-07-01,9356421.721220352,3388.411063598062,118973.28765805549
2011-08-01,8964654.028427621,2921.4268222768583,111827.96706695696
2011-09-01,8354268.664940041,2547.1540087757794,103321.4513489202
2011-10-01,9142514.632063422,2974.3880233100404,115052.64383301222
2011-11-01,9313168.348442355,2911.773496922096,114722.44504072926
2011-12-01,9411144.031612506,2867.3679902087797,115568.65943121625
2012-01-01,9607579.923529705,3218.9286103525433,121410.12847622808
2012-02-01,9896782.874901032,3393.76218169827,126796.73412756388
2012-03-01,10160702.783046108,3429.7529610743277,130740.99201711784
2012-04-01,10301789.580756862,3296.2285968936803,129614.31740012707
2012-05-01,9936110.806172518,2863.5437443075325,121556.65709337426
2012-06-01,10213475.432396466,2939.4990989481025,126240.60688708346
2012-07-01,10305793.316806976,2884.9059868076642,127233.40760755992
2012-08-01,10446723.25267465,3040.8485017273656,130500.88110205143
2012-09-01,10668980.914248675,3151.3265208285075,134044.09138393193
2012-10-01,10632141.77667025,3064.4021893606214,131684.41283881848
2012-11-01,10756166.454745032,3092.2906701615325,132692.28996940816
2012-12-01,10861849.447259497,3298.6899214072473,134236.76931521378
2013-01-01,11501532.875444237,3534.1544983727986,141692.71643203235
2013-02-01,11780908.666163893,3490.724263305555,143484.42081372632
2013-03-01,12470373.350415805,3623.742186062745,149285.62441626648
2013-04-01,12651427.832904622,3614.892717745005,151617.7502850345
2013-05-01,12817804.230049582,3775.4803141999096,155821.82850560112
2013-06-01,12658059.172749724,3677.9910696803413,153954.66761224705
2013-07-01,13643901.732077321,3920.2161687674384,162668.20319169277
2013-08-01,13198052.587471297,3890.75409776836,158238.46678802243
2013-09-01,13803885.17104346,4100.601492048546,164188.2278145784
2013-10-01,14445262.12772709,4148.443168650261,171081.17962589502
2013-11-01,14924372.903653916,4253.69240762459,176474.7762757633
2013-12-01,15297637.88745465,4398.252210601162,181326.11490656857
2014-01-01,14759749.839898534,4284.425265683644,175322.45428977467
2014-02-01,15535036.105323877,4552.211019517724,183498.2262405293
2014-03-01,15636983.070911095,4509.378116486844,184236.44222581733
2014-04-01,15404952.197094806,4428.199705414694,183866.7900721726
2014-05-01,15758830.713221448,4490.989805957593,187532.98797082625
2014-06-01,16015136.952164417,4700.91883403228,192483.01395891552
2014-07-01,15651594.304258505,4446.707768568631,188546.29811446363
2014-08-01,16281046.177047886,4652.290746931981,196503.72545896686
2014-09-01,16073343.986653434,4399.12121424454,192562.5295536358
2014-10-01,16787245.262120947,4485.316935448266,197544.37411036078
2014-11-01,17486446.914466463,4595.46627227294,202581.9487681926
2014-12-01,17633199.535680637,4578.96540655711,202481.4130603125
2015-01-01,17514682.70499941,4414.463715465579,196207.30511530972
2015-02-01,18428723.0435691,4828.631113277126,208298.17567325034
2015-03-01,18405138.97927819,4750.293194164597,205982.4881562537
2015-04-01,17956331.50578239,4920.55652803508,207266.5298382013
2015-05-01,18395884.54471243,4880.401047143353,210115.599226695
2015-06-01,18348145.752648138,4738.286794499188,206946.0439527188
2015-07-01,18986279.21644572,4341.793731285611,209781.3747823038
2015-08-01,17903532.37021863,4168.704824424674,197106.85806391592
2015-09-01,17636037.863200333,3764.266644397267,191024.9760941224
2015-10-01,18677611.214609552,4075.127575923547,205714.23866871613
2015-11-01,18749622.27299063,4072.607965294629,206870.61314332887
2015-12-01,18433495.98856096,3741.013345138547,202320.9198525927
2016-01-01,17608148.86706433,3295.0895299457807,190507.48868159513
2016-02-01,17760907.284510612,3241.2931404092938,190482.13857187208
2016-03-01,18942849.63092285,3652.11615521122,203811.7273582092
2016-04-01,18873608.77980942,3959.3881531282477,205830.98170373536
2016-05-01,19351686.631685127,3951.090740532907,209568.66275674844
2016-06-01,19645274.001648154,3906.1150400134393,209600.46442478328
2016-07-01,19957422.170423895,4226.637030699325,217845.93190338337
2016-08-01,19783189.190991297,4222.760600736885,218917.7959939535
2016-09-01,19580794.724592812,4322.542580888361,219553.94287567624
2016-10-01,19060914.638449565,3983.46963256829,215055.8007204209
2016-11-01,20332783.33089951,4303.690838304023,225674.75711756034
2016-12-01,20622670.262782138,4278.940805424178,229836.63554303168
