YearMonth,Portfolio Returns,Portfolio
2017-01,0.018094373737373735,Formula
2017-02,0.03591510204081633,Formula
2017-03,-0.00420718556701031,Formula
2017-04,0.01282090909090909,Formula
2017-05,0.00765220202020202,Formula
2017-06,0.015831636363636364,Formula
2017-07,0.02069778,Formula
2017-08,-0.0014449799999999996,Formula
2017-09,0.03512178,Formula
2017-10,0.03040473,Formula
2017-11,0.03933352,Formula
2017-12,0.00288033,Formula
2018-01,0.05704094,Formula
2018-02,-0.03380341,Formula
2018-03,-0.01536432,Formula
2018-04,0.007359760000000001,Formula
2018-05,0.021869040000000003,Formula
2018-06,-0.00590607,Formula
2018-07,0.0318187,Formula
2018-08,0.041467210000000004,Formula
2018-09,-0.004373242424242424,Formula
2018-10,-0.07202994,Formula
2018-11,0.03378510204081633,Formula
2018-12,-0.08944503092783505,Formula
2019-01,0.06320503000000001,Formula
2019-02,0.048469679999999994,Formula
2019-03,0.007001739999999999,Formula
2019-04,0.02675118,Formula
2019-05,-0.03229909,Formula
2019-06,0.06598166666666667,Formula
2019-07,0.010613969999999999,Formula
2019-08,-0.0025963700000000006,Formula
2019-09,0.003899777777777778,Formula
2019-10,-0.0006377799999999996,Formula
2019-11,0.010990030000000001,Formula
2019-12,0.014304343434343435,Formula
2020-01,-0.00827361,Formula
2020-02,-0.09007619,Formula
2020-03,-0.19613659595959596,Formula
2020-04,0.10672763,Formula
2020-05,0.05664394,Formula
2020-06,-0.0021943699999999997,Formula
2020-07,0.04860973964799999,Formula
2020-08,0.03894583838383838,Formula
2020-09,-0.03288267676767677,Formula
2020-10,-0.011716565656565656,Formula
2020-11,0.10640229292929293,Formula
2020-12,0.031460383838383836,Formula
2021-01,-0.0071892200000000005,Formula
2021-02,0.030269539999999998,Formula
2021-03,0.06461549,Formula
2021-04,0.0450887,Formula
2021-05,0.02092155,Formula
2021-06,-0.01577719,Formula
2021-07,0.013950780000000001,Formula
2021-08,0.035621309999999996,Formula
2021-09,-0.04769069,Formula
2021-10,0.04995825,Formula
2021-11,-0.025729929999999998,Formula
2021-12,0.05986418367346939,Formula
2022-01,-0.048471459999999994,Formula
2022-02,-0.008350620000000001,Formula
2022-03,0.021226349999999998,Formula
2022-04,-0.057850727272727276,Formula
2022-05,0.018412173469387755,Formula
2022-06,-0.06583,Formula
2022-07,0.04761873737373737,Formula
2022-08,-0.025628727272727272,Formula
2022-09,-0.07516776767676768,Formula
2022-10,0.12075248484848486,Formula
2022-11,0.04745233333333333,Formula
2022-12,-0.036972060606060606,Formula
2023-01,0.02187805,Formula
2023-02,-0.0138796348777,Formula
2023-03,-0.014732191919191917,Formula
2023-04,0.0156798,Formula
2023-05,-0.02865469,Formula
2023-06,0.09479136,Formula
2023-07,0.024185923187670003,Formula
2023-08,-0.019448757575757574,Formula
2023-09,-0.034420040404040404,Formula
2023-10,-0.03020968,Formula
2023-11,0.07399276,Formula
2023-12,0.05611588,Formula
2017-01,0.01962230782695828,Market
2017-02,0.036147955551116794,Market
2017-03,0.0021288378416185563,Market
2017-04,0.01080662140612897,Market
2017-05,0.010723750563835403,Market
2017-06,0.00905149692578779,Market
2017-07,0.01936817076369159,Market
2017-08,0.0022563788700536167,Market
2017-09,0.026397032877720265,Market
2017-10,0.02296464219699219,Market
2017-11,0.03227144266932476,Market
2017-12,0.011161004294709344,Market
2018-01,0.055904276236379044,Market
2018-02,-0.03498279043550135,Market
2018-03,-0.02180831858960339,Market
2018-04,0.00490113361897755,Market
2018-05,0.02743178935907801,Market
2018-06,0.005722409223617776,Market
2018-07,0.03301128253898066,Market
2018-08,0.03644877685402479,Market
2018-09,0.0022658157253504308,Market
2018-10,-0.07496270391069125,Market
2018-11,0.018329504886129083,Market
2018-12,-0.09439423776789922,Market
2019-01,0.08672102870407367,Market
2019-02,0.03684134362761164,Market
2019-03,0.012707112483687241,Market
2019-04,0.04189748500363114,Market
2019-05,-0.06696063128004816,Market
2019-06,0.07199635189989233,Market
2019-07,0.012978939177706247,Market
2019-08,-0.02412098698714498,Market
2019-09,0.01599432138412235,Market
2019-10,0.0220743653529532,Market
2019-11,0.03997085528276406,Market
2019-12,0.029175962488832002,Market
2020-01,-0.0006309927595767492,Market
2020-02,-0.0802287424118241,Market
2020-03,-0.13233569685605479,Market
2020-04,0.1369919848490072,Market
2020-05,0.05610487029329588,Market
2020-06,0.02580373587061308,Market
2020-07,0.05777103611615574,Market
2020-08,0.07585419783272052,Market
2020-09,-0.03550249051282816,Market
2020-10,-0.02244533614395486,Market
2020-11,0.1251646131926861,Market
2020-12,0.04724608274898413,Market
2021-01,-0.0018922900852637457,Market
2021-02,0.026358135554269604,Market
2021-03,0.031116188728707528,Market
2021-04,0.04815233148264185,Market
2021-05,0.0027545396841354014,Market
2021-06,0.027790313890243203,Market
2021-07,0.011592886756922114,Market
2021-08,0.02805694949736481,Market
2021-09,-0.04308560323154079,Market
2021-10,0.06596254610132261,Market
2021-11,-0.014743504600601871,Market
2021-12,0.031398536235627834,Market
2022-01,-0.06300993563270366,Market
2022-02,-0.023548701157601496,Market
2022-03,0.03015317387822563,Market
2022-04,-0.09303795192634888,Market
2022-05,-0.0029717353052469355,Market
2022-06,-0.08413688173304633,Market
2022-07,0.09695870071736493,Market
2022-08,-0.0350539030709667,Market
2022-09,-0.09109935922243424,Market
2022-10,0.0820377007217569,Market
2022-11,0.04846556075873107,Market
2022-12,-0.0600079755559012,Market
2023-01,0.0696434090174956,Market
2023-02,-0.021522128621772118,Market
2023-03,0.027235075569072297,Market
2023-04,0.0086147514083355,Market
2023-05,0.005339161035487573,Market
2023-06,0.07029320315505751,Market
2023-07,0.03558757554030316,Market
2023-08,-0.020500012352181886,Market
2023-09,-0.04844408997617293,Market
2023-10,-0.026668355297214258,Market
2023-11,0.09349071537871484,Market
2023-12,0.05336486610715968,Market
2017-01,0.04145526,Speculative
2017-02,0.04664990909090909,Speculative
2017-03,-0.013257575757575758,Speculative
2017-04,-0.0019638299999999997,Speculative
2017-05,-0.00795885,Speculative
2017-06,0.026327,Speculative
2017-07,0.017476438775510205,Speculative
2017-08,-0.033407816326530615,Speculative
2017-09,0.05597676530612245,Speculative
2017-10,-0.01045531,Speculative
2017-11,0.02780792929292929,Speculative
2017-12,0.025319878787878787,Speculative
2018-01,0.01912867,Speculative
2018-02,-0.06040437,Speculative
2018-03,0.00951266,Speculative
2018-04,0.01041963,Speculative
2018-05,0.0375079,Speculative
2018-06,0.01743105,Speculative
2018-07,0.01800109,Speculative
2018-08,0.038802470000000006,Speculative
2018-09,-0.01598168,Speculative
2018-10,-0.10537325252525254,Speculative
2018-11,0.004791071428571429,Speculative
2018-12,-0.146749,Speculative
2019-01,0.17470703030303028,Speculative
2019-02,0.05362309183673469,Speculative
2019-03,-0.015439275510204083,Speculative
2019-04,0.033755600000000004,Speculative
2019-05,-0.1252839,Speculative
2019-06,0.09652913,Speculative
2019-07,-0.003914209999999999,Speculative
2019-08,-0.10385011000000001,Speculative
2019-09,0.028868710000000002,Speculative
2019-10,0.02718413,Speculative
2019-11,0.06563808,Speculative
2019-12,0.05697381,Speculative
2020-01,-0.029299505050505048,Speculative
2020-02,-0.07225723232323232,Speculative
2020-03,-0.22541600188743433,Speculative
2020-04,0.25385696,Speculative
2020-05,0.08139058,Speculative
2020-06,0.03454416,Speculative
2020-07,0.01719215,Speculative
2020-08,0.06714305000000001,Speculative
2020-09,-0.04429523,Speculative
2020-10,0.03654687878787879,Speculative
2020-11,0.23635464646464646,Speculative
2020-12,0.08886607070707071,Speculative
2021-01,0.0008479489795918375,Speculative
2021-02,0.1101110612244898,Speculative
2021-03,0.004002938144329895,Speculative
2021-04,0.021166530612244897,Speculative
2021-05,-0.01721262244897959,Speculative
2021-06,0.046450041666666664,Speculative
2021-07,-0.0169907,Speculative
2021-08,0.03169767,Speculative
2021-09,-0.02012299,Speculative
2021-10,0.03359921212121212,Speculative
2021-11,-0.10206777551020407,Speculative
2021-12,-0.0024146428571428574,Speculative
2022-01,-0.12170934000000001,Speculative
2022-02,-0.0035258100000000003,Speculative
2022-03,0.0040607070707070715,Speculative
2022-04,-0.1474136,Speculative
2022-05,-0.06193476767676767,Speculative
2022-06,-0.1204135612244898,Speculative
2022-07,0.10711353000000001,Speculative
2022-08,0.004830555555555556,Speculative
2022-09,-0.102305101010101,Speculative
2022-10,0.04706879797979798,Speculative
2022-11,0.026381795918367347,Speculative
2022-12,-0.06172426530612245,Speculative
2023-01,0.16533179,Speculative
2023-02,-0.009292767676767677,Speculative
2023-03,-0.018664505154639174,Speculative
2023-04,-0.050888220000000005,Speculative
2023-05,0.04380561,Speculative
2023-06,0.08670901,Speculative
2023-07,0.06892835,Speculative
2023-08,-0.07034626000000001,Speculative
2023-09,-0.08370838383838383,Speculative
2023-10,-0.09344055,Speculative
2023-11,0.10764570707070706,Speculative
2023-12,0.16413978787878789,Speculative
2017-04,0.007069010309278352,Size
2017-05,-0.003859197916666666,Size
2017-06,0.03618978947368421,Size
2017-07,0.01522949494949495,Size
2017-08,-0.013502777777777778,Size
2017-09,0.06523947959183674,Size
2017-10,0.00384861,Size
2017-11,0.03272166,Size
2017-12,0.0012200099999999995,Size
2018-01,0.02906291,Size
2018-02,-0.051023320464595956,Size
2018-03,0.007487816326530612,Size
2018-04,0.0029793636363636368,Size
2018-05,0.0626290202020202,Size
2018-06,0.008667642857142858,Size
2018-07,0.023553666666666667,Size
2018-08,0.033525377551020405,Size
2018-09,-0.029466234693877554,Size
2018-10,-0.10932615,Size
2018-11,0.030097070707070708,Size
2018-12,-0.13385418181818182,Size
2019-01,0.11043505069424242,Size
2019-02,0.058861561224489795,Size
2019-03,-0.01638773469387755,Size
2019-04,0.02339956,Size
2019-05,-0.08405253,Size
2019-06,0.08295221,Size
2019-07,0.0033036199999999997,Size
2019-08,-0.06822206,Size
2019-09,0.013447202020202019,Size
2019-10,0.027256640000000002,Size
2019-11,0.03374038,Size
2019-12,0.02180859,Size
2020-01,-0.04019782653061225,Size
2020-02,-0.07932316326530613,Size
2020-03,-0.18395263917525773,Size
2020-04,0.12183275757575758,Size
2020-05,0.06022475757575758,Size
2020-06,0.00932239393939394,Size
2020-07,0.037186141414141415,Size
2020-08,0.051539575757575756,Size
2020-09,-0.034886626262626265,Size
2020-10,0.03960732323232323,Size
2020-11,0.1888789797979798,Size
2020-12,0.07440120565083838,Size
2021-01,0.04233687,Size
2021-02,0.08706997,Size
2021-03,0.00884014637919192,Size
2021-04,0.02137089898989899,Size
2021-05,0.006582848484848485,Size
2021-06,0.0008447244897959201,Size
2021-07,-0.02858664,Size
2021-08,0.016438489999999997,Size
2021-09,-0.021931480000000003,Size
2021-10,0.03705209090909091,Size
2021-11,-0.03453872727272727,Size
2021-12,0.05954647474747475,Size
2022-01,-0.07246459,Size
2022-02,0.01208792,Size
2022-03,0.01287168938877778,Size
2022-04,-0.10112993939393938,Size
2022-05,0.018679919191919192,Size
2022-06,-0.10314826262626263,Size
2022-07,0.09088317346938776,Size
2022-08,-0.0021543711340206175,Size
2022-09,-0.09286755670103093,Size
2022-10,0.11582230303030303,Size
2022-11,0.04303390909090909,Size
2022-12,-0.05240640404040404,Size
2023-01,0.08738902,Size
2023-02,-0.00940523,Size
2023-03,-0.03712585858585859,Size
2023-04,-0.00720784,Size
2023-05,-0.01293566,Size
2023-06,0.07413665,Size
2023-07,0.06113123,Size
2023-08,-0.03806434,Size
2023-09,-0.07096867676767676,Size
2023-10,-0.044627309999999996,Size
2023-11,0.07558474999999999,Size
2023-12,0.12602238999999998,Size
2017-04,-0.0004729381443298973,Momentum
2017-05,-0.02163635051546392,Momentum
2017-06,0.03286717525773196,Momentum
2017-07,0.041759889999999994,Momentum
2017-08,0.00737559,Momentum
2017-09,0.05144807,Momentum
2017-10,0.038344867346938774,Momentum
2017-11,0.03406331632653061,Momentum
2017-12,0.0038766632653061237,Momentum
2018-01,0.07259832000000001,Momentum
2018-02,-0.0303100404040404,Momentum
2018-03,-0.009500102040816326,Momentum
2018-04,0.0064356565656565655,Momentum
2018-05,0.08829034343434343,Momentum
2018-06,0.0007546666666666659,Momentum
2018-07,0.008408929292929293,Momentum
2018-08,0.06475160606060607,Momentum
2018-09,-0.0358970202020202,Momentum
2018-10,-0.13496821212121213,Momentum
2018-11,-0.02011810101010101,Momentum
2018-12,-0.1084579494949495,Momentum
2019-01,0.1074814101873,Momentum
2019-02,0.06129589795918368,Momentum
2019-03,-0.002580802083333334,Momentum
2019-04,0.019656969696969697,Momentum
2019-05,-0.05003028282828283,Momentum
2019-06,0.07779831313131313,Momentum
2019-07,0.029113618556701033,Momentum
2019-08,-0.022099525773195877,Momentum
2019-09,-0.05251048958333334,Momentum
2019-10,0.009825029999999998,Momentum
2019-11,0.053987759999999996,Momentum
2019-12,0.01340378787878788,Momentum
2020-01,0.002537806122448978,Momentum
2020-02,-0.055262479591836736,Momentum
2020-03,-0.18275071428571427,Momentum
2020-04,0.16339028865979383,Momentum
2020-05,0.10732584536082475,Momentum
2020-06,0.03583003157894737,Momentum
2020-07,0.09090802999999999,Momentum
2020-08,0.05981644,Momentum
2020-09,0.007077482639019999,Momentum
2020-10,-0.014492701030927837,Momentum
2020-11,0.1550996354166667,Momentum
2020-12,0.07876566666666666,Momentum
2021-01,0.08049792,Momentum
2021-02,0.03066494,Momentum
2021-03,-0.06613582,Momentum
2021-04,0.02184326,Momentum
2021-05,-0.0099646,Momentum
2021-06,0.09187645,Momentum
2021-07,-0.053537720000000004,Momentum
2021-08,0.04403599,Momentum
2021-09,-0.01776332349824,Momentum
2021-10,0.06325440404040404,Momentum
2021-11,-0.028936656565656565,Momentum
2021-12,0.0010838787878787873,Momentum
2022-01,-0.07792929292929293,Momentum
2022-02,0.021156292929292927,Momentum
2022-03,0.031756477267565655,Momentum
2022-04,-0.0736600101010101,Momentum
2022-05,0.04481929591836735,Momentum
2022-06,-0.13800928571428572,Momentum
2022-07,0.09663970408163265,Momentum
2022-08,0.026487408163265305,Momentum
2022-09,-0.09682028571428572,Momentum
2022-10,0.15585860204081634,Momentum
2022-11,0.012316876288659793,Momentum
2022-12,-0.08423036082474226,Momentum
2023-01,0.03111858692066,Momentum
2023-02,-0.031638878787878785,Momentum
2023-03,-0.028158464646464647,Momentum
2023-04,-0.0023656600000000008,Momentum
2023-05,-0.01331739393939394,Momentum
2023-06,0.1076541212121212,Momentum
2023-07,0.02532479797979798,Momentum
2023-08,-0.009705949494949495,Momentum
2023-09,-0.06721175510204082,Momentum
2023-10,-0.07451633,Momentum
2023-11,0.14065584,Momentum
2023-12,0.12854386,Momentum
2017-04,0.007341220000000001,LowVol
2017-05,0.02136031,LowVol
2017-06,0.0035718499999999997,LowVol
2017-07,0.01647484,LowVol
2017-08,-0.00070314,LowVol
2017-09,0.016948829999999998,LowVol
2017-10,0.021533880000000002,LowVol
2017-11,0.04296075,LowVol
2017-12,-0.0020749200000000005,LowVol
2018-01,0.01834581,LowVol
2018-02,-0.03623516,LowVol
2018-03,0.010547200000000001,LowVol
2018-04,0.0021526999999999996,LowVol
2018-05,0.00925579,LowVol
2018-06,0.00976725,LowVol
2018-07,0.03959647474747475,LowVol
2018-08,0.024984353535353533,LowVol
2018-09,0.0036652727272727275,LowVol
2018-10,-0.0309289898989899,LowVol
2018-11,0.043310191919191915,LowVol
2018-12,-0.07224273737373738,LowVol
2019-01,0.0506164482575,LowVol
2019-02,0.039904212121212125,LowVol
2019-03,0.02064348484848485,LowVol
2019-04,0.03008049,LowVol
2019-05,-0.00962792,LowVol
2019-06,0.048943959595959596,LowVol
2019-07,0.010300160000000001,LowVol
2019-08,0.02403833,LowVol
2019-09,0.02087768,LowVol
2019-10,-0.00976779,LowVol
2019-11,-0.00193629,LowVol
2019-12,0.0241464,LowVol
2020-01,0.02987984,LowVol
2020-02,-0.09965845999999999,LowVol
2020-03,-0.12262389000000001,LowVol
2020-04,0.0494318,LowVol
2020-05,0.04000297,LowVol
2020-06,-0.02722758,LowVol
2020-07,0.056014888888888885,LowVol
2020-08,0.007715313131313132,LowVol
2020-09,-0.020365464646464645,LowVol
2020-10,0.0002235454545454548,LowVol
2020-11,0.07106925252525252,LowVol
2020-12,0.022947525252525254,LowVol
2021-01,-0.03105621,LowVol
2021-02,-0.01189753,LowVol
2021-03,0.08483995999999999,LowVol
2021-04,0.04111611,LowVol
2021-05,0.00494359,LowVol
2021-06,-0.0077114900000000005,LowVol
2021-07,0.03033914,LowVol
2021-08,0.01295713,LowVol
2021-09,-0.049277249999999995,LowVol
2021-10,0.05078923,LowVol
2021-11,-0.02235562,LowVol
2021-12,0.08662245,LowVol
2022-01,-0.036628720000000003,LowVol
2022-02,-0.019727520000000002,LowVol
2022-03,0.05241093,LowVol
2022-04,-0.026372510000000002,LowVol
2022-05,0.01787598,LowVol
2022-06,-0.03511383,LowVol
2022-07,0.04635635,LowVol
2022-08,-0.023478750000000003,LowVol
2022-09,-0.07552945,LowVol
2022-10,0.08194615000000001,LowVol
2022-11,0.05235434,LowVol
2022-12,-0.024039610000000003,LowVol
2023-01,-0.0013529200000000003,LowVol
2023-02,-0.027421380000000002,LowVol
2023-03,0.01625972,LowVol
2023-04,0.01955729,LowVol
2023-05,-0.051181279999999996,LowVol
2023-06,0.03339652,LowVol
2023-07,0.016238600000000002,LowVol
2023-08,-0.03192009,LowVol
2023-09,-0.03635176,LowVol
2023-10,-0.006046579999999999,LowVol
2023-11,0.0492197,LowVol
2023-12,0.02273172,LowVol
2017-04,0.0045822,NPY
2017-05,-0.004017570000000001,NPY
2017-06,0.01865702,NPY
2017-07,0.01695689,NPY
2017-08,-0.02317669,NPY
2017-09,0.03378971,NPY
2017-10,-0.00409213,NPY
2017-11,0.0517379,NPY
2017-12,0.03160097,NPY
2018-01,0.047670769999999994,NPY
2018-02,-0.04701612121212121,NPY
2018-03,-0.017445616161616162,NPY
2018-04,0.007269727272727274,NPY
2018-05,0.016110434343434343,NPY
2018-06,0.007229858585858586,NPY
2018-07,0.026567212121212123,NPY
2018-08,0.02553011111111111,NPY
2018-09,-0.004824656565656565,NPY
2018-10,-0.07396681,NPY
2018-11,0.03450834,NPY
2018-12,-0.11197593,NPY
2019-01,0.11120758,NPY
2019-02,0.05395643,NPY
2019-03,-0.01905491,NPY
2019-04,0.06143452,NPY
2019-05,-0.09598029999999999,NPY
2019-06,0.08378963,NPY
2019-07,0.01410058,NPY
2019-08,-0.06889338,NPY
2019-09,0.059491209999999996,NPY
2019-10,0.0136403,NPY
2019-11,0.044591240000000004,NPY
2019-12,0.024784700000000003,NPY
2020-01,-0.05143198,NPY
2020-02,-0.10445742,NPY
2020-03,-0.26264413000000003,NPY
2020-04,0.16327498,NPY
2020-05,0.04220741,NPY
2020-06,0.03014705,NPY
2020-07,0.02117093,NPY
2020-08,0.054760159999999995,NPY
2020-09,-0.03629068,NPY
2020-10,0.0403428,NPY
2020-11,0.1923958,NPY
2020-12,0.07642186,NPY
2021-01,0.020779239999999997,NPY
2021-02,0.07833065,NPY
2021-03,0.06782925252525253,NPY
2021-04,0.040214309999999996,NPY
2021-05,0.02575738,NPY
2021-06,-0.013990212121212122,NPY
2021-07,0.01010918,NPY
2021-08,0.02820009,NPY
2021-09,-0.03982075,NPY
2021-10,0.04596154,NPY
2021-11,-0.02061469,NPY
2021-12,0.06034906,NPY
2022-01,-0.03150815,NPY
2022-02,-0.0038320900000000002,NPY
2022-03,0.00943622,NPY
2022-04,-0.039686120000000005,NPY
2022-05,0.03171212,NPY
2022-06,-0.11474712999999999,NPY
2022-07,0.08771614,NPY
2022-08,-0.02623668,NPY
2022-09,-0.09432282,NPY
2022-10,0.13088787999999998,NPY
2022-11,0.07254685,NPY
2022-12,-0.06023667,NPY
2023-01,0.11560594,NPY
2023-02,-0.03469384,NPY
2023-03,-0.04775305999999999,NPY
2023-04,0.00681759,NPY
2023-05,-0.03573273,NPY
2023-06,0.1180626,NPY
2023-07,0.0597931,NPY
2023-08,-0.023157434343434345,NPY
2023-09,-0.02896732323232323,NPY
2023-10,-0.0571305,NPY
2023-11,0.08946841000000001,NPY
2023-12,0.08423211,NPY
