Current Quarter,Next Quarter,Overlap Count,Turnover Count,Turnover Fraction
1929-03-28,1929-06-29,74.0,26.0,0.26
1929-06-29,1929-09-30,75.0,25.0,0.25
1929-09-30,1929-12-31,67.0,33.0,0.33
1929-12-31,1930-03-31,75.0,25.0,0.25
1930-03-31,1930-06-30,67.0,33.0,0.33
1930-06-30,1930-09-30,77.0,23.0,0.23
1930-09-30,1930-12-31,70.0,30.0,0.3
1930-12-31,1931-03-31,78.0,22.0,0.22
1931-03-31,1931-06-30,77.0,23.0,0.23
1931-06-30,1931-09-30,78.0,22.0,0.22
1931-09-30,1931-12-31,73.0,27.0,0.27
1931-12-31,1932-03-31,76.0,24.0,0.24
1932-03-31,1932-06-30,78.0,22.0,0.22
1932-06-30,1932-09-30,62.0,38.0,0.38
1932-09-30,1932-12-31,68.0,32.0,0.32
1932-12-31,1933-03-31,75.0,25.0,0.25
1933-03-31,1933-06-30,61.0,39.0,0.39
1933-06-30,1933-09-30,72.0,28.0,0.28
1933-09-30,1933-12-30,69.0,31.0,0.31
1933-12-30,1934-03-31,70.0,30.0,0.3
1934-03-31,1934-06-30,59.0,41.0,0.41
1934-06-30,1934-09-29,69.0,31.0,0.31
1934-09-29,1934-12-31,69.0,31.0,0.31
1934-12-31,1935-03-30,72.0,28.0,0.28
1935-03-30,1935-06-29,74.0,26.0,0.26
1935-06-29,1935-09-30,74.0,26.0,0.26
1935-09-30,1935-12-31,62.0,38.0,0.38
1935-12-31,1936-03-31,70.0,30.0,0.3
1936-03-31,1936-06-30,61.0,39.0,0.39
1936-06-30,1936-09-30,70.0,30.0,0.3
1936-09-30,1936-12-31,59.0,41.0,0.41
1936-12-31,1937-03-31,66.0,34.0,0.34
1937-03-31,1937-06-30,73.0,27.0,0.27
1937-06-30,1937-09-30,73.0,27.0,0.27
1937-09-30,1937-12-31,60.0,40.0,0.4
1937-12-31,1938-03-31,77.0,23.0,0.23
1938-03-31,1938-06-30,71.0,29.0,0.29
1938-06-30,1938-09-30,71.0,29.0,0.29
1938-09-30,1938-12-31,66.0,34.0,0.34
1938-12-31,1939-03-31,70.0,30.0,0.3
1939-03-31,1939-06-30,65.0,35.0,0.35
1939-06-30,1939-09-30,73.0,27.0,0.27
1939-09-30,1939-12-30,63.0,37.0,0.37
1939-12-30,1940-03-30,72.0,28.0,0.28
1940-03-30,1940-06-29,70.0,30.0,0.3
1940-06-29,1940-09-30,65.0,35.0,0.35
1940-09-30,1940-12-31,60.0,40.0,0.4
1940-12-31,1941-03-31,78.0,22.0,0.22
1941-03-31,1941-06-30,63.0,37.0,0.37
1941-06-30,1941-09-30,72.0,28.0,0.28
1941-09-30,1941-12-31,66.0,34.0,0.34
1941-12-31,1942-03-31,71.0,29.0,0.29
1942-03-31,1942-06-30,66.0,34.0,0.34
1942-06-30,1942-09-30,66.0,34.0,0.34
1942-09-30,1942-12-31,66.0,34.0,0.34
1942-12-31,1943-03-31,65.0,35.0,0.35
1943-03-31,1943-06-30,61.0,39.0,0.39
1943-06-30,1943-09-30,71.0,29.0,0.29
1943-09-30,1943-12-31,72.0,28.0,0.28
1943-12-31,1944-03-31,69.0,31.0,0.31
1944-03-31,1944-06-30,55.0,45.0,0.45
1944-06-30,1944-09-30,73.0,27.0,0.27
1944-09-30,1944-12-30,58.0,42.0,0.42
1944-12-30,1945-03-31,68.0,32.0,0.32
1945-03-31,1945-06-30,67.0,33.0,0.33
1945-06-30,1945-09-29,62.0,38.0,0.38
1945-09-29,1945-12-31,61.0,39.0,0.39
1945-12-31,1946-03-30,66.0,34.0,0.34
1946-03-30,1946-06-28,66.0,34.0,0.34
1946-06-28,1946-09-30,62.0,38.0,0.38
1946-09-30,1946-12-31,61.0,39.0,0.39
1946-12-31,1947-03-31,68.0,32.0,0.32
1947-03-31,1947-06-30,57.0,43.0,0.43
1947-06-30,1947-09-30,65.0,35.0,0.35
1947-09-30,1947-12-31,70.0,30.0,0.3
1947-12-31,1948-03-31,70.0,30.0,0.3
1948-03-31,1948-06-30,65.0,35.0,0.35
1948-06-30,1948-09-30,72.0,28.0,0.28
1948-09-30,1948-12-31,56.0,44.0,0.44
1948-12-31,1949-03-31,67.0,33.0,0.33
1949-03-31,1949-06-30,60.0,40.0,0.4
1949-06-30,1949-09-30,68.0,32.0,0.32
1949-09-30,1949-12-31,67.0,33.0,0.33
1949-12-31,1950-03-31,57.0,43.0,0.43
1950-03-31,1950-06-30,63.0,37.0,0.37
1950-06-30,1950-09-29,67.0,33.0,0.33
1950-09-29,1950-12-30,67.0,33.0,0.33
1950-12-30,1951-03-31,72.0,28.0,0.28
1951-03-31,1951-06-29,71.0,29.0,0.29
1951-06-29,1951-09-28,71.0,29.0,0.29
1951-09-28,1951-12-31,52.0,48.0,0.48
1951-12-31,1952-03-31,67.0,33.0,0.33
1952-03-31,1952-06-30,61.0,39.0,0.39
1952-06-30,1952-09-30,60.0,40.0,0.4
1952-09-30,1952-12-31,62.0,38.0,0.38
1952-12-31,1953-03-31,62.0,38.0,0.38
1953-03-31,1953-06-30,68.0,32.0,0.32
1953-06-30,1953-09-30,64.0,36.0,0.36
1953-09-30,1953-12-31,61.0,39.0,0.39
1953-12-31,1954-03-31,71.0,29.0,0.29
1954-03-31,1954-06-30,66.0,34.0,0.34
1954-06-30,1954-09-30,69.0,31.0,0.31
1954-09-30,1954-12-31,60.0,40.0,0.4
1954-12-31,1955-03-31,62.0,38.0,0.38
1955-03-31,1955-06-30,62.0,38.0,0.38
1955-06-30,1955-09-30,72.0,28.0,0.28
1955-09-30,1955-12-30,53.0,47.0,0.47
1955-12-30,1956-03-29,60.0,40.0,0.4
1956-03-29,1956-06-29,64.0,36.0,0.36
1956-06-29,1956-09-28,63.0,37.0,0.37
1956-09-28,1956-12-31,53.0,47.0,0.47
1956-12-31,1957-03-29,63.0,37.0,0.37
1957-03-29,1957-06-28,63.0,37.0,0.37
1957-06-28,1957-09-30,66.0,34.0,0.34
1957-09-30,1957-12-31,52.0,48.0,0.48
1957-12-31,1958-03-31,66.0,34.0,0.34
1958-03-31,1958-06-30,67.0,33.0,0.33
1958-06-30,1958-09-30,71.0,29.0,0.29
1958-09-30,1958-12-31,48.0,52.0,0.52
1958-12-31,1959-03-31,69.0,31.0,0.31
1959-03-31,1959-06-30,68.0,32.0,0.32
1959-06-30,1959-09-30,61.0,39.0,0.39
1959-09-30,1959-12-31,57.0,43.0,0.43
1959-12-31,1960-03-31,65.0,35.0,0.35
1960-03-31,1960-06-30,57.0,43.0,0.43
1960-06-30,1960-09-30,71.0,29.0,0.29
1960-09-30,1960-12-30,64.0,36.0,0.36
1960-12-30,1961-03-30,55.0,45.0,0.45
1961-03-30,1961-06-30,67.0,33.0,0.33
1961-06-30,1961-09-29,59.0,41.0,0.41
1961-09-29,1961-12-29,58.0,42.0,0.42
1961-12-29,1962-03-30,68.0,32.0,0.32
1962-03-30,1962-06-29,64.0,36.0,0.36
1962-06-29,1962-09-28,61.0,39.0,0.39
1962-09-28,1962-12-31,67.0,33.0,0.33
1962-12-31,1963-03-29,73.0,27.0,0.27
1963-03-29,1963-06-28,65.0,35.0,0.35
1963-06-28,1963-09-30,65.0,35.0,0.35
1963-09-30,1963-12-31,59.0,41.0,0.41
1963-12-31,1964-03-31,59.0,41.0,0.41
1964-03-31,1964-06-30,62.0,38.0,0.38
1964-06-30,1964-09-30,62.0,38.0,0.38
1964-09-30,1964-12-31,56.0,44.0,0.44
1964-12-31,1965-03-31,60.0,40.0,0.4
1965-03-31,1965-06-30,57.0,43.0,0.43
1965-06-30,1965-09-30,54.0,46.0,0.46
1965-09-30,1965-12-31,59.0,41.0,0.41
1965-12-31,1966-03-31,67.0,33.0,0.33
1966-03-31,1966-06-30,68.0,32.0,0.32
1966-06-30,1966-09-30,73.0,27.0,0.27
1966-09-30,1966-12-30,50.0,50.0,0.5
1966-12-30,1967-03-31,56.0,44.0,0.44
1967-03-31,1967-06-30,64.0,36.0,0.36
1967-06-30,1967-09-29,59.0,41.0,0.41
1967-09-29,1967-12-29,59.0,41.0,0.41
1967-12-29,1968-03-29,61.0,39.0,0.39
1968-03-29,1968-06-28,63.0,37.0,0.37
1968-06-28,1968-09-30,55.0,45.0,0.45
1968-09-30,1968-12-31,51.0,49.0,0.49
1968-12-31,1969-03-28,64.0,36.0,0.36
1969-03-28,1969-06-30,56.0,44.0,0.44
1969-06-30,1969-09-30,59.0,41.0,0.41
1969-09-30,1969-12-31,64.0,36.0,0.36
1969-12-31,1970-03-31,56.0,44.0,0.44
1970-03-31,1970-06-30,64.0,36.0,0.36
1970-06-30,1970-09-30,64.0,36.0,0.36
1970-09-30,1970-12-31,49.0,51.0,0.51
1970-12-31,1971-03-31,64.0,36.0,0.36
1971-03-31,1971-06-30,55.0,45.0,0.45
1971-06-30,1971-09-30,60.0,40.0,0.4
1971-09-30,1971-12-31,60.0,40.0,0.4
1971-12-31,1972-03-30,61.0,39.0,0.39
1972-03-30,1972-06-30,65.0,35.0,0.35
1972-06-30,1972-09-29,56.0,44.0,0.44
1972-09-29,1972-12-29,54.0,46.0,0.46
1972-12-29,1973-03-30,58.0,42.0,0.42
1973-03-30,1973-06-29,62.0,38.0,0.38
1973-06-29,1973-09-28,67.0,33.0,0.33
1973-09-28,1973-12-31,62.0,38.0,0.38
1973-12-31,1974-03-29,71.0,29.0,0.29
1974-03-29,1974-06-28,62.0,38.0,0.38
1974-06-28,1974-09-30,53.0,47.0,0.47
1974-09-30,1974-12-31,49.0,51.0,0.51
1974-12-31,1975-03-31,60.0,40.0,0.4
1975-03-31,1975-06-30,64.0,36.0,0.36
1975-06-30,1975-09-30,66.0,34.0,0.34
1975-09-30,1975-12-31,55.0,45.0,0.45
1975-12-31,1976-03-31,64.0,36.0,0.36
1976-03-31,1976-06-30,66.0,34.0,0.34
1976-06-30,1976-09-30,60.0,40.0,0.4
1976-09-30,1976-12-31,64.0,36.0,0.36
1976-12-31,1977-03-31,58.0,42.0,0.42
1977-03-31,1977-06-30,61.0,39.0,0.39
1977-06-30,1977-09-30,69.0,31.0,0.31
1977-09-30,1977-12-30,59.0,41.0,0.41
1977-12-30,1978-03-31,62.0,38.0,0.38
1978-03-31,1978-06-30,50.0,50.0,0.5
1978-06-30,1978-09-29,52.0,48.0,0.48
1978-09-29,1978-12-29,50.0,50.0,0.5
1978-12-29,1979-03-30,52.0,48.0,0.48
1979-03-30,1979-06-29,66.0,34.0,0.34
1979-06-29,1979-09-28,66.0,34.0,0.34
1979-09-28,1979-12-31,66.0,34.0,0.34
1979-12-31,1980-03-31,62.0,38.0,0.38
1980-03-31,1980-06-30,60.0,40.0,0.4
1980-06-30,1980-09-30,54.0,46.0,0.46
1980-09-30,1980-12-31,47.0,53.0,0.53
1980-12-31,1981-03-31,52.0,48.0,0.48
1981-03-31,1981-06-30,65.0,35.0,0.35
1981-06-30,1981-09-30,53.0,47.0,0.47
1981-09-30,1981-12-31,53.0,47.0,0.47
1981-12-31,1982-03-31,67.0,33.0,0.33
1982-03-31,1982-06-30,58.0,42.0,0.42
1982-06-30,1982-09-30,59.0,41.0,0.41
1982-09-30,1982-12-31,59.0,41.0,0.41
1982-12-31,1983-03-31,55.0,45.0,0.45
1983-03-31,1983-06-30,55.0,45.0,0.45
1983-06-30,1983-09-30,56.0,44.0,0.44
1983-09-30,1983-12-30,46.0,54.0,0.54
1983-12-30,1984-03-30,53.0,47.0,0.47
1984-03-30,1984-06-29,65.0,35.0,0.35
1984-06-29,1984-09-28,67.0,33.0,0.33
1984-09-28,1984-12-31,58.0,42.0,0.42
1984-12-31,1985-03-29,63.0,37.0,0.37
1985-03-29,1985-06-28,63.0,37.0,0.37
1985-06-28,1985-09-30,63.0,37.0,0.37
1985-09-30,1985-12-31,56.0,44.0,0.44
1985-12-31,1986-03-31,60.0,40.0,0.4
1986-03-31,1986-06-30,57.0,43.0,0.43
1986-06-30,1986-09-30,49.0,51.0,0.51
1986-09-30,1986-12-31,68.0,32.0,0.32
1986-12-31,1987-03-31,57.0,43.0,0.43
1987-03-31,1987-06-30,60.0,40.0,0.4
1987-06-30,1987-09-30,64.0,36.0,0.36
1987-09-30,1987-12-31,48.0,52.0,0.52
1987-12-31,1988-03-31,63.0,37.0,0.37
1988-03-31,1988-06-30,58.0,42.0,0.42
1988-06-30,1988-09-30,73.0,27.0,0.27
1988-09-30,1988-12-30,55.0,45.0,0.45
1988-12-30,1989-03-31,58.0,42.0,0.42
1989-03-31,1989-06-30,62.0,38.0,0.38
1989-06-30,1989-09-29,65.0,35.0,0.35
1989-09-29,1989-12-29,61.0,39.0,0.39
1989-12-29,1990-03-30,61.0,39.0,0.39
1990-03-30,1990-06-29,60.0,40.0,0.4
1990-06-29,1990-09-28,62.0,38.0,0.38
1990-09-28,1990-12-31,70.0,30.0,0.3
1990-12-31,1991-03-28,68.0,32.0,0.32
1991-03-28,1991-06-28,63.0,37.0,0.37
1991-06-28,1991-09-30,62.0,38.0,0.38
1991-09-30,1991-12-31,61.0,39.0,0.39
1991-12-31,1992-03-31,58.0,42.0,0.42
1992-03-31,1992-06-30,68.0,32.0,0.32
1992-06-30,1992-09-30,66.0,34.0,0.34
1992-09-30,1992-12-31,53.0,47.0,0.47
1992-12-31,1993-03-31,51.0,49.0,0.49
1993-03-31,1993-06-30,57.0,43.0,0.43
1993-06-30,1993-09-30,67.0,33.0,0.33
1993-09-30,1993-12-31,62.0,38.0,0.38
1993-12-31,1994-03-31,53.0,47.0,0.47
1994-03-31,1994-06-30,59.0,41.0,0.41
1994-06-30,1994-09-30,61.0,39.0,0.39
1994-09-30,1994-12-30,60.0,40.0,0.4
1994-12-30,1995-03-31,60.0,40.0,0.4
1995-03-31,1995-06-30,57.0,43.0,0.43
1995-06-30,1995-09-29,53.0,47.0,0.47
1995-09-29,1995-12-29,60.0,40.0,0.4
1995-12-29,1996-03-29,68.0,32.0,0.32
1996-03-29,1996-06-28,53.0,47.0,0.47
1996-06-28,1996-09-30,63.0,37.0,0.37
1996-09-30,1996-12-31,52.0,48.0,0.48
1996-12-31,1997-03-31,61.0,39.0,0.39
1997-03-31,1997-06-30,63.0,37.0,0.37
1997-06-30,1997-09-30,66.0,34.0,0.34
1997-09-30,1997-12-31,59.0,41.0,0.41
1997-12-31,1998-03-31,67.0,33.0,0.33
1998-03-31,1998-06-30,65.0,35.0,0.35
1998-06-30,1998-09-30,53.0,47.0,0.47
1998-09-30,1998-12-31,59.0,41.0,0.41
1998-12-31,1999-03-31,67.0,33.0,0.33
1999-03-31,1999-06-30,61.0,39.0,0.39
1999-06-30,1999-09-30,53.0,47.0,0.47
1999-09-30,1999-12-31,55.0,45.0,0.45
1999-12-31,2000-03-31,50.0,50.0,0.5
2000-03-31,2000-06-30,53.0,47.0,0.47
2000-06-30,2000-09-29,59.0,41.0,0.41
2000-09-29,2000-12-29,58.0,42.0,0.42
2000-12-29,2001-03-30,57.0,43.0,0.43
2001-03-30,2001-06-29,70.0,30.0,0.3
2001-06-29,2001-09-28,55.0,45.0,0.45
2001-09-28,2001-12-31,70.0,30.0,0.3
2001-12-31,2002-03-28,68.0,32.0,0.32
2002-03-28,2002-06-28,67.0,33.0,0.33
2002-06-28,2002-09-30,58.0,42.0,0.42
2002-09-30,2002-12-31,67.0,33.0,0.33
2002-12-31,2003-03-31,58.0,42.0,0.42
2003-03-31,2003-06-30,62.0,38.0,0.38
2003-06-30,2003-09-30,51.0,49.0,0.49
2003-09-30,2003-12-31,57.0,43.0,0.43
2003-12-31,2004-03-31,53.0,47.0,0.47
2004-03-31,2004-06-30,57.0,43.0,0.43
2004-06-30,2004-09-30,64.0,36.0,0.36
2004-09-30,2004-12-31,58.0,42.0,0.42
2004-12-31,2005-03-31,61.0,39.0,0.39
2005-03-31,2005-06-30,60.0,40.0,0.4
2005-06-30,2005-09-30,71.0,29.0,0.29
2005-09-30,2005-12-30,65.0,35.0,0.35
2005-12-30,2006-03-31,59.0,41.0,0.41
2006-03-31,2006-06-30,54.0,46.0,0.46
2006-06-30,2006-09-29,60.0,40.0,0.4
2006-09-29,2006-12-29,53.0,47.0,0.47
2006-12-29,2007-03-30,65.0,35.0,0.35
2007-03-30,2007-06-29,62.0,38.0,0.38
2007-06-29,2007-09-28,59.0,41.0,0.41
2007-09-28,2007-12-31,54.0,46.0,0.46
2007-12-31,2008-03-31,62.0,38.0,0.38
2008-03-31,2008-06-30,68.0,32.0,0.32
2008-06-30,2008-09-30,59.0,41.0,0.41
2008-09-30,2008-12-31,50.0,50.0,0.5
2008-12-31,2009-03-31,68.0,32.0,0.32
2009-03-31,2009-06-30,66.0,34.0,0.34
2009-06-30,2009-09-30,60.0,40.0,0.4
2009-09-30,2009-12-31,49.0,51.0,0.51
2009-12-31,2010-03-31,61.0,39.0,0.39
2010-03-31,2010-06-30,62.0,38.0,0.38
2010-06-30,2010-09-30,54.0,46.0,0.46
2010-09-30,2010-12-31,60.0,40.0,0.4
2010-12-31,2011-03-31,64.0,36.0,0.36
2011-03-31,2011-06-30,66.0,34.0,0.34
2011-06-30,2011-09-30,61.0,39.0,0.39
2011-09-30,2011-12-30,67.0,33.0,0.33
2011-12-30,2012-03-30,64.0,36.0,0.36
2012-03-30,2012-06-29,62.0,38.0,0.38
2012-06-29,2012-09-28,55.0,45.0,0.45
2012-09-28,2012-12-31,66.0,34.0,0.34
2012-12-31,2013-03-28,60.0,40.0,0.4
2013-03-28,2013-06-28,62.0,38.0,0.38
2013-06-28,2013-09-30,70.0,30.0,0.3
2013-09-30,2013-12-31,64.0,36.0,0.36
2013-12-31,2014-03-31,71.0,29.0,0.29
2014-03-31,2014-06-30,66.0,34.0,0.34
2014-06-30,2014-09-30,60.0,40.0,0.4
2014-09-30,2014-12-31,63.0,37.0,0.37
2014-12-31,2015-03-31,67.0,33.0,0.33
2015-03-31,2015-06-30,66.0,34.0,0.34
2015-06-30,2015-09-30,69.0,31.0,0.31
2015-09-30,2015-12-31,65.0,35.0,0.35
2015-12-31,2016-03-31,63.0,37.0,0.37
2016-03-31,2016-06-30,68.0,32.0,0.32
2016-06-30,2016-09-30,53.0,47.0,0.47
2016-09-30,2016-12-30,47.0,53.0,0.53
